name,tiers,identity_count
-1021160638770416884,highest-quality,1
-1123765274722474461,highest-quality,1
-1139890803720081707,highest-quality,1
-1148570267233982173,highest-quality,1
-1155290675334462679,highest-quality,1
-1160565790859856226,highest-quality,1
-1245308895446290242,highest-quality,1
-1339668576400779210,highest-quality,1
-1364113444982927454,highest-quality,1
-1374513821429880468,highest-quality,1
-1388953945476561310,highest-quality,1
-1418419951338338821,highest-quality,1
-1424511823083596682,highest-quality,1
-1426568102937424029,highest-quality,1
-1461716527643530451,highest-quality,1
-1507456339828849665,highest-quality,1
-1511587253743835861,highest-quality,1
-1584588516545153718,highest-quality,1
-1615495386502112075,highest-quality,1
-1625501374979292177,highest-quality,1
-1644446915680665024,highest-quality,1
-1656722489883847159,highest-quality,1
-1665942086419258198,highest-quality,1
-1671619181323828258,highest-quality,1
-1678135712426977003,highest-quality,1
-1679622971680602186,highest-quality,1
-1685276881627157094,highest-quality,1
-1693200937096398188,highest-quality,1
-170374608244475741,highest-quality,1
-1825731554397375472,highest-quality,1
-1831461666187654718,highest-quality,1
-1865633390978939768,highest-quality,1
-1865946034244102170,highest-quality,1
-1937549996049901146,highest-quality,1
-1969486077493927947,highest-quality,1
-1971826486191516812,highest-quality,1
-2033928463246329224,highest-quality,1
-2053451558984455083,highest-quality,1
-2077618035229796624,highest-quality,1
-2086817660766517078,highest-quality,1
-208971569947503409,highest-quality,1
-2121907366908414223,highest-quality,1
-2126184166931190816,highest-quality,1
-2133638675397463678,highest-quality,1
-213536611033901722,highest-quality,1
-2147687977520797852,highest-quality,2
-2152356670641858221,highest-quality,1
-2160103625833557243,highest-quality,1
-2178446478776927915,highest-quality,1
-2198007012778656735,highest-quality,1
-2199317863621238853,highest-quality,1
-2234826315727283405,highest-quality,1
-2268502237340574546,highest-quality,1
-2307136872908588732,highest-quality,1
-2343199801225763205,highest-quality,1
-2352093389254818161,highest-quality,1
-2362288373351358621,highest-quality,1
-2371397975648665643,highest-quality,1
-2431180140212211413,highest-quality,1
-2561531122510358238,highest-quality,1
-2578791015412501388,highest-quality,1
-259409272885186121,highest-quality,1
-2636976124880508438,highest-quality,1
-2645361912310965306,highest-quality,1
-2720451829318592545,highest-quality,1
-2752172452494131541,highest-quality,1
-2783953787026959017,highest-quality,1
-2784842692007170474,highest-quality,1
-2804394262860721260,highest-quality,1
-2834775492895240316,highest-quality,1
-2854873065606486302,highest-quality,1
-2881933274264665742,highest-quality,1
-2888949661270690737,highest-quality,1
-2893357577079155099,highest-quality,1
-2893577299971434832,highest-quality,1
-2903405303067937652,highest-quality,1
-2912069511717118028,highest-quality,1
-2943091409813890838,highest-quality,1
-2943291743233252209,highest-quality,1
-2991822547410715265,highest-quality,1
-3009937604114770906,highest-quality,1
-3014174931728632831,highest-quality,1
-3040720397802887349,highest-quality,1
-3139449507405813414,highest-quality,1
-3244033172409104278,highest-quality,1
-3246923103700744534,highest-quality,1
-3249374020852526832,highest-quality,1
-3265296203472712284,highest-quality,1
-3299140258923407797,highest-quality,1
-332086741542394480,highest-quality,1
-335224074298200128,highest-quality,1
-3374308206746047625,highest-quality,1
-3416773218764856396,highest-quality,1
-3447199759255882351,highest-quality,1
-3494025788189807306,highest-quality,1
-3502826584301887854,highest-quality,1
-3511414337619192718,highest-quality,1
-3555870113992379841,highest-quality,1
-35880293659132669,highest-quality,1
-3628994143320135176,highest-quality,1
-3648239661755005706,highest-quality,1
-3648252350136279357,highest-quality,1
-364967470266437459,highest-quality,1
-366731662513794036,highest-quality,1
-3865773439225484418,highest-quality,1
-386601933073037890,highest-quality,1
-388221891442973477,highest-quality,1
-3935912832828085167,highest-quality,1
-3969743430469522361,highest-quality,1
-3970582303084377354,highest-quality,1
-397092869794286591,highest-quality,1
-3988673591889696710,highest-quality,1
-402973070275490428,highest-quality,1
-4050868662654625245,highest-quality,1
-4057830702806959602,highest-quality,1
-4075304502098626112,highest-quality,1
-4084114386154507887,highest-quality,1
-4087193232744972234,highest-quality,1
-4095588600957599538,highest-quality,1
-409771880834856509,highest-quality,1
-4103216256659258554,highest-quality,1
-411820385411962245,highest-quality,1
-4118330245921752828,highest-quality,1
-4130641420515559846,highest-quality,1
-4170381540393360754,highest-quality,1
-4222472574338624345,highest-quality,1
-4230994524757763857,highest-quality,1
-4343067724661485341,highest-quality,1
-4370769054611414791,highest-quality,1
-4405432581584559684,highest-quality,1
-4412330399154329950,highest-quality,1
-4421204476606405950,highest-quality,1
-4526792344613562278,highest-quality,1
-4532001091464511097,highest-quality,1
-453599638320599670,highest-quality,1
-4541582683945369037,highest-quality,1
-4543614493068614537,highest-quality,1
-4558440314496780126,highest-quality,1
-4572345262567029485,highest-quality,1
-457393528185390061,highest-quality,1
-4613625707551148887,highest-quality,1
-4642342276331182895,highest-quality,1
-4696264967594137980,highest-quality,1
-4712315809483842211,highest-quality,1
-4729996155582485543,highest-quality,1
-4754978034331838293,highest-quality,1
-4898536414085021582,highest-quality,1
-4936901184626308490,highest-quality,1
-5003968194027421535,highest-quality,1
-5027944999039239597,highest-quality,1
-5036748116070463981,highest-quality,1
-5036785912351465611,highest-quality,1
-5088587143379627752,highest-quality,1
-5130596990700648998,highest-quality,1
-5148514638459531173,highest-quality,1
-5167791503700290923,highest-quality,1
-5177117304079189082,highest-quality,1
-5193148883567859068,highest-quality,1
-528873043306136799,highest-quality,1
-5303941321250447542,highest-quality,1
-5309517271134006713,highest-quality,1
-5377426071181693287,highest-quality,1
-5412887485860329321,highest-quality,1
-5431015789700717656,highest-quality,1
-5433537715502596119,highest-quality,1
-5487044827770026367,highest-quality,1
-5491137950491540181,highest-quality,1
-5515147803904659855,highest-quality,1
-5533697887755551621,highest-quality,1
-5535912060542682862,highest-quality,1
-5561527666033287597,highest-quality,1
-558303721803508355,highest-quality,1
-5596166863796330384,highest-quality,1
-5613997075032444129,highest-quality,1
-5622118941521754627,highest-quality,1
-5674996729635622394,highest-quality,1
-5692307621512276811,highest-quality,1
-5724022541439689088,highest-quality,1
-5793928149087727708,highest-quality,1
-5813938829306315185,highest-quality,1
-5819553117001485341,highest-quality,1
-5826758644050304125,highest-quality,1
-5836051886755954451,highest-quality,1
-5860761050635392647,highest-quality,1
-5934462831740013695,highest-quality,1
-5965870032294423472,highest-quality,1
-6051929730229281194,highest-quality,1
-6075153213465150356,highest-quality,1
-6086909508455192655,highest-quality,1
-6165172696553186535,highest-quality,1
-6220004692115046641,highest-quality,1
-6232401724414908619,highest-quality,1
-6237851381448035536,highest-quality,1
-6260324507213880840,highest-quality,1
-6307593822715848178,highest-quality,1
-634271642169061373,highest-quality,1
-6374454659230119440,highest-quality,1
-6375596261657386419,highest-quality,1
-6389968001128065014,highest-quality,1
-6396914387315774793,highest-quality,1
-6405235845011757593,highest-quality,1
-6414009409087881918,highest-quality,1
-6414773544322857082,highest-quality,1
-6435327900545201723,highest-quality,1
-6451535175577738020,highest-quality,1
-6452968744330655602,highest-quality,1
-6458055481287383449,highest-quality,1
-6464914983828472718,highest-quality,1
-6481802436214235179,highest-quality,1
-6517227038549039937,highest-quality,1
-6518441698820575275,highest-quality,1
-6558840696806598916,highest-quality,1
-6574345231194527919,highest-quality,1
-6588496166271787003,highest-quality,1
-6628969260325167827,highest-quality,1
-663445028083566834,highest-quality,1
-6643186981959506375,highest-quality,1
-6759752939614417531,highest-quality,1
-6787169860043975556,highest-quality,1
-6818879988906006898,highest-quality,1
-684304616127437470,highest-quality,1
-6844243640780810553,highest-quality,1
-6889905996062850525,highest-quality,1
-6899122251715677648,highest-quality,1
-6903300994333483617,highest-quality,1
-6926137905584299039,highest-quality,1
-693390970664260250,highest-quality,1
-6953991387548681326,highest-quality,1
-6962455290466281826,highest-quality,1
-7005642826011342594,highest-quality,1
-7027369149187383941,highest-quality,1
-7040252628727283879,highest-quality,1
-7093354816293938243,highest-quality,1
-7129616130449428738,highest-quality,1
-7143672486435236734,highest-quality,1
-7194581708403485996,highest-quality,1
-7316839223823332493,highest-quality,1
-7386739026381825732,highest-quality,1
-7426947853720207402,highest-quality,1
-749745014657950354,highest-quality,1
-7504940210168695040,highest-quality,1
-7520317271572137748,highest-quality,1
-7572505005604289766,highest-quality,1
-7583903113054318161,highest-quality,1
-7598932651543768829,highest-quality,1
-7632857373395281906,highest-quality,1
-7658537311699284674,highest-quality,1
-7671936509857743815,highest-quality,2
-7674882666090462320,highest-quality,1
-7683797732903750475,highest-quality,1
-7694202204963503413,highest-quality,1
-7700514023790614926,highest-quality,1
-7718419266596640610,highest-quality,1
-7723608569424909613,highest-quality,1
-7726258737048939600,highest-quality,1
-7753903034760924689,highest-quality,1
-7770143892294656706,highest-quality,1
-785317319300128836,highest-quality,1
-7859734431836772985,highest-quality,1
-786566853111875148,highest-quality,1
-7875433444000694659,highest-quality,1
-7902933829247098720,highest-quality,1
-7911876158808846913,highest-quality,1
-7917930783476894538,highest-quality,1
-795180483755165137,highest-quality,1
-795361855130684516,highest-quality,1
-7955931358041218420,highest-quality,1
-7957749517175371076,highest-quality,1
-808183829747996247,highest-quality,1
-8089345243544448965,highest-quality,1
-8093300031105704675,highest-quality,1
-8128278303651048468,highest-quality,1
-8184528657815807237,highest-quality,1
-8200816506748520153,highest-quality,1
-8255307485684559138,highest-quality,1
-8290319353614040747,highest-quality,1
-8290846150353637863,highest-quality,1
-8315336653619334883,highest-quality,1
-8341292177973709198,highest-quality,1
-8386307440703630106,highest-quality,1
-838860191351508895,highest-quality,1
-8412784876667809433,highest-quality,1
-842668131940394539,highest-quality,1
-8444402439724907689,highest-quality,1
-8492613319132631384,highest-quality,1
-8503893327316144235,highest-quality,1
-8523207139652297125,highest-quality,1
-8534133473829246735,highest-quality,1
-8554636179666054150,highest-quality,1
-8569119342779080402,highest-quality,1
-857057485727856337,highest-quality,1
-8643495931116851949,highest-quality,1
-8650145990099258091,highest-quality,1
-8661473285749684346,highest-quality,1
-8674294909014153322,highest-quality,1
-869303386291863426,highest-quality,1
-8708365642548453787,highest-quality,1
-8719144203074324110,highest-quality,1
-8753138749665718629,highest-quality,1
-8776362409554944054,highest-quality,1
-8803156122219701776,highest-quality,1
-8815137970800821067,highest-quality,1
-8882356081313299500,highest-quality,1
-8919022182120865358,highest-quality,1
-8967589269667655798,highest-quality,1
-8974846430637983629,highest-quality,1
-8985257679741066179,highest-quality,1
-9024846054327176239,highest-quality,1
-912985863855289716,highest-quality,1
-9147951519380201305,highest-quality,1
-9197699589873237095,highest-quality,1
-9199533477340216773,highest-quality,1
-9218743410937264583,highest-quality,1
-929057884553090256,highest-quality,1
-929815099799922380,highest-quality,1
-932027842686652035,highest-quality,1
-975091415518682756,highest-quality,1
-988806869361687557,highest-quality,1
-992807101245387548,highest-quality,1
1017477211783881926,highest-quality,1
11149147896977611,highest-quality,1
1119873529688951936,highest-quality,1
1178091772023656799,highest-quality,1
1193839452981986739,highest-quality,1
121098104875113796,highest-quality,1
1212575651489049186,highest-quality,1
121531804778053132,highest-quality,1
1234831158966106872,highest-quality,1
1246260342542111871,highest-quality,1
1253384568466234109,highest-quality,1
125864610036234915,highest-quality,1
1288109669835231162,highest-quality,1
1335056934340752049,highest-quality,1
1367766434552027700,highest-quality,1
1384830706564237703,highest-quality,1
1440121578779192547,highest-quality,1
1453475456654051085,highest-quality,1
1461950307909480746,highest-quality,1
1465532539227399683,highest-quality,1
148087719974129614,highest-quality,1
1493186699832253526,highest-quality,1
1494416804221783200,highest-quality,1
1539313848409567955,highest-quality,1
1544813674513079468,highest-quality,1
1562909486031391805,highest-quality,1
15796100208661372,highest-quality,1
1590318240472557121,highest-quality,1
1651874841318095758,highest-quality,1
1689256175334503239,highest-quality,1
1693281251034968939,highest-quality,1
1709896825840671857,highest-quality,1
1745629919788731114,highest-quality,1
1769091969533556823,highest-quality,1
1799653042722582171,highest-quality,1
1819793502282694026,highest-quality,1
1831964020784875617,highest-quality,1
1885126624327457025,highest-quality,1
1900861627129385279,highest-quality,1
1907580553361577124,highest-quality,1
1936297470819949900,highest-quality,1
1963851513910256248,highest-quality,1
1972841566982944910,highest-quality,1
2002140185024447925,highest-quality,1
201129590458849080,highest-quality,1
2026252991653746316,highest-quality,1
2038985433102997564,highest-quality,1
203974070185607223,highest-quality,1
2045774491675328414,highest-quality,1
2078453431832017114,highest-quality,1
2086426869383369578,highest-quality,1
2133478860367677187,highest-quality,1
2134020514806175719,highest-quality,1
2151238523462777693,highest-quality,1
2210216557264874234,highest-quality,1
2248653542039276037,highest-quality,1
2272509558430219576,highest-quality,1
2355478525442785719,highest-quality,1
2368698912911218358,highest-quality,1
2376275663948915350,highest-quality,1
2394242469252247205,highest-quality,1
2420885211496853281,highest-quality,1
2427008954198029178,highest-quality,1
2436884201043006926,highest-quality,1
2457671196260810409,highest-quality,1
2471518088433369451,highest-quality,1
2506288528843049181,highest-quality,1
2520456379740600705,highest-quality,1
2555431876738953443,highest-quality,1
2575081414563872535,highest-quality,1
2601924044941141242,highest-quality,1
2604241952422896524,highest-quality,1
2636936515433909596,highest-quality,1
2644980667515921557,highest-quality,1
2654218092699803568,highest-quality,1
2707735251575366205,highest-quality,1
2708388234159328732,highest-quality,1
2768668869121923397,highest-quality,1
2778352940527704367,highest-quality,1
2788974981811062752,highest-quality,1
279899463430488555,highest-quality,1
2810563926534214632,highest-quality,1
282829697858500702,highest-quality,1
2831195224024944086,highest-quality,1
2831988533405923158,highest-quality,1
2844175604424413368,highest-quality,1
2849974368812954210,highest-quality,1
2851850261613305529,highest-quality,1
2892547470333788774,highest-quality,1
2897952514858722300,highest-quality,1
2926518983236155192,highest-quality,1
2960707942100986674,highest-quality,1
2990538837624449409,highest-quality,1
2992345940807642564,highest-quality,1
3043360334043733254,highest-quality,1
3060573428898120933,highest-quality,1
3120295780034535314,highest-quality,1
321527116734104337,highest-quality,1
3246741233040945598,highest-quality,1
3285505837938321565,highest-quality,1
3294078110782917591,highest-quality,1
3343346788711538502,highest-quality,1
3390052436546175802,highest-quality,1
3411542325075466861,highest-quality,1
3417920780662954083,highest-quality,1
3470092491637655077,highest-quality,1
3555054614603761825,highest-quality,1
3561100767826961103,highest-quality,1
3571753758861711803,highest-quality,1
3584744101156041026,highest-quality,1
3607275373443599767,highest-quality,1
3724978590284937653,highest-quality,1
377070469331215385,highest-quality,1
3783783322442903623,highest-quality,1
3805677695536517420,highest-quality,1
3813786785909743011,highest-quality,1
3822496042948580805,highest-quality,1
3892386236045217096,highest-quality,1
39029034316122007,highest-quality,1
3904083204131904281,highest-quality,1
3905988045497503854,highest-quality,1
3911248316156301007,highest-quality,1
3936000032070737572,highest-quality,1
3943810936548701524,highest-quality,1
3984165087841632480,highest-quality,1
404332144766148870,highest-quality,1
4067532883802985578,highest-quality,1
4081652107956174172,highest-quality,1
4158058185425734256,highest-quality,1
4185212377489378288,highest-quality,1
4238367545642899378,highest-quality,1
4250699840072175340,highest-quality,1
4308733596837719041,highest-quality,1
4344555018720723428,highest-quality,1
4369682720766703111,highest-quality,1
4371563076846693618,highest-quality,1
43752608032791348,highest-quality,1
4394115493197169168,highest-quality,1
4421834620260399912,highest-quality,1
4477968536301666669,highest-quality,1
449196560178998561,highest-quality,1
4514995476636556440,highest-quality,1
4544877087024896898,highest-quality,1
4549834553920584757,highest-quality,1
4611403284854729406,highest-quality,1
4633368758962200941,highest-quality,1
4685584786270174034,highest-quality,1
4698564209988532943,highest-quality,1
4717391796780699438,highest-quality,1
472486514639819991,highest-quality,1
472807821780368075,highest-quality,1
4734551596987841323,highest-quality,1
4740247050420525063,highest-quality,1
4746245725814143902,highest-quality,1
4807955689464163136,highest-quality,1
485121230454011730,highest-quality,1
4895482447231859671,highest-quality,1
4941240938121583892,highest-quality,1
4950076632996511775,highest-quality,1
4962035264147276382,highest-quality,1
4995497788641215052,highest-quality,1
5010123028938033529,highest-quality,1
5027043820067269120,highest-quality,1
5032552157431355752,highest-quality,1
5044068262566936292,highest-quality,1
5066492146058701238,highest-quality,1
5072287211732483410,highest-quality,1
5138399027024206790,highest-quality,1
515039831682801160,highest-quality,1
516731653013529872,highest-quality,1
5202439334842570661,highest-quality,1
521717370930988612,highest-quality,1
5225909447599136991,highest-quality,1
5235142190664765940,highest-quality,1
5273620667827153111,highest-quality,1
5310189695225751449,highest-quality,1
5322396064761070247,highest-quality,1
5324957557180481423,highest-quality,1
5398068560509781131,highest-quality,1
5409304696682500092,highest-quality,1
5496730314928920704,highest-quality,1
5511040316115674163,highest-quality,1
5515688759472793411,highest-quality,1
5538955482570295788,highest-quality,1
5560887246414865443,highest-quality,1
5579212848912087808,highest-quality,1
5583199559579285834,highest-quality,1
5586574592901943473,highest-quality,1
5614472396936221991,highest-quality,1
5634588132277865150,highest-quality,1
568624441380478596,highest-quality,1
5717691482782989239,highest-quality,1
5730101738945828718,highest-quality,1
5732312828342584619,highest-quality,1
5751198730476278853,highest-quality,1
5753086557135762467,highest-quality,1
5764822136149515564,highest-quality,1
5772246477562249339,highest-quality,1
5799038561787546060,highest-quality,1
5861491352876732367,highest-quality,1
5878337502696187076,highest-quality,1
5893225612305477988,highest-quality,1
5915069463550688119,highest-quality,1
5939319901927034172,highest-quality,1
6057668080471592257,highest-quality,1
6060083161734243057,highest-quality,1
608492243804315801,highest-quality,1
6107497321571588808,highest-quality,1
6112627569387406495,highest-quality,1
6120980313742102255,highest-quality,1
6127760193621929348,highest-quality,1
6226003965403640995,highest-quality,1
6241273812928348439,highest-quality,1
6245713423748851663,highest-quality,1
6256007830914868788,highest-quality,1
6269544008957221034,highest-quality,1
6280393617582618,highest-quality,1
6370634618021253365,highest-quality,1
6375438528676596695,highest-quality,1
6375502065745835586,highest-quality,1
6377179083818052431,highest-quality,1
6475800026644941160,highest-quality,1
6486359966804659612,highest-quality,1
6498660329717323132,highest-quality,1
6525180720145526982,highest-quality,1
6549233636137054704,highest-quality,1
656742445551050623,highest-quality,1
6568286455611578770,highest-quality,1
6580722672136368370,highest-quality,1
6583524813328223737,highest-quality,1
6622967762030173133,highest-quality,1
6650659754387199229,highest-quality,1
665705454090562466,highest-quality,1
6736200449780151098,highest-quality,1
6747279293376576527,highest-quality,1
6758021922457709705,highest-quality,1
6770195970666286289,highest-quality,1
6774797326677123329,highest-quality,1
678368150928868819,highest-quality,1
6811696467375545514,highest-quality,1
6861209878391516454,highest-quality,1
6883306053484340476,highest-quality,1
6889733307893748972,highest-quality,1
6894555916552605433,highest-quality,1
6925485287618988718,highest-quality,1
6947939037786921133,highest-quality,1
6951737216419734359,highest-quality,1
696131882447222744,highest-quality,1
6975320934936999419,highest-quality,1
7019626000825424181,highest-quality,1
7034018613371007621,highest-quality,1
7065537084702335652,highest-quality,1
7086238358935337882,highest-quality,1
7100607445617743312,highest-quality,1
7162119520429048974,highest-quality,1
717107884146638124,highest-quality,1
7219462307831516796,highest-quality,1
7219689378586941951,highest-quality,1
7267785678366973030,highest-quality,1
7307114470387854560,highest-quality,1
7322397595745092629,highest-quality,1
7342936708937862502,highest-quality,1
7366388199801043579,highest-quality,1
7374790833252239698,highest-quality,1
7375287920953694611,highest-quality,1
7376968608536389763,highest-quality,1
7378223686047169184,highest-quality,1
7402350476341619544,highest-quality,1
743527128666011645,highest-quality,1
7482761893202181617,highest-quality,1
749183524389434420,highest-quality,1
7512003096561204612,highest-quality,1
7520176871862997284,highest-quality,1
7522915938227069276,highest-quality,1
7592755774221897175,highest-quality,1
7669795211835659818,highest-quality,1
7725782524280589625,highest-quality,1
7787218017007325855,highest-quality,1
7794289617578359175,highest-quality,1
7807589847472477599,highest-quality,1
7813796038876496448,highest-quality,1
7842900288419341445,highest-quality,1
7846804033022012985,highest-quality,1
7852443070286253166,highest-quality,1
7867767963925115843,highest-quality,1
7921310500411983711,highest-quality,1
8022910211048519476,highest-quality,1
8065264095570095513,highest-quality,1
809512117277142328,highest-quality,1
8137263264301253227,highest-quality,1
8156505608347191738,highest-quality,1
8157186775417845758,highest-quality,1
8172080903107082230,highest-quality,1
817781976616742575,highest-quality,1
8179446946906836718,highest-quality,1
8206013166952976172,highest-quality,1
8223261815517506065,highest-quality,1
8233339942382250937,highest-quality,1
8237653307052463342,highest-quality,1
8242360160143665182,highest-quality,1
8291586285571566356,highest-quality,1
8299010686423387859,highest-quality,1
8307318319186089469,highest-quality,1
8347992638833308850,highest-quality,1
8371197707490341155,highest-quality,1
8389937142144858319,highest-quality,1
8415560123460506923,highest-quality,1
8421864199480761923,highest-quality,1
8423170002218103669,highest-quality,1
8462630438214950599,highest-quality,1
8480681007055211976,highest-quality,1
8501448411502086622,highest-quality,1
8504739905493641752,highest-quality,1
8518318409222403670,highest-quality,1
8521723471483421154,highest-quality,1
8531185833849127186,highest-quality,1
8561267113550060042,highest-quality,1
8617459412162619682,highest-quality,1
8626172897604399891,highest-quality,1
8637045531324463456,highest-quality,1
8641581539995145310,highest-quality,1
8651231539738646909,highest-quality,1
8672095411886951607,highest-quality,1
8680045491875716565,highest-quality,1
8688461633297944011,highest-quality,1
872245757569127759,highest-quality,1
8724263261004016611,highest-quality,1
8725240327005835744,highest-quality,1
8780922446963993946,highest-quality,1
8844670144911292491,highest-quality,1
88525121001536157,highest-quality,1
8867792996369793557,highest-quality,1
8943849848332171599,highest-quality,1
8989496986587551793,highest-quality,1
9004474526922390168,highest-quality,1
901133478427205527,highest-quality,1
9027952041783912923,highest-quality,1
9148289748416344275,highest-quality,1
9167602165747736858,highest-quality,1
916858236484560991,highest-quality,1
9211638345613001166,highest-quality,1
921624685840654086,highest-quality,1
955851873304441410,highest-quality,1
ActivityDemoRemielleChangeFadeIn,scalar-full-source|standalone-native,2
ActivityDemoRemielleFadeOut,scalar-full-source|standalone-native,2
ActivityDemoRemielleLoop,scalar-full-source|standalone-native,2
ActivityDemoRemielleShowFadeIn,scalar-full-source|standalone-native,2
ActivityRemielleBg_OB3_1FadeIn,scalar-full-source|standalone-native,2
ActivityRemielleBg_OB3_1Loop,scalar-full-source|standalone-native,2
ActivityRemielleCameraMissionRowFadeIn,scalar-full-source|standalone-native,2
ActivityRemielleCameraPageFadeIn,scalar-full-source|standalone-native,2
ActivityRemielleCameraPageFadeOut,scalar-full-source|standalone-native,2
Ani_Cs_TL_C31_Explosion_04_SC010_Avatar_RemielleOrigin,scalar-full-source|standalone-native,2
Ani_Cs_TL_C31_Explosion_04_SC020_Avatar_RemielleOrigin,scalar-full-source|standalone-native,2
Avatar_Female_Size02_Remielle_Ani_AC_Gliding01_Loop,scalar-full-source,1
Avatar_Female_Size02_Remielle_Ani_AC_TurnLeft_Loop,scalar-full-source,1
Avatar_Female_Size02_Remielle_Ani_AC_TurnRight_Loop,scalar-full-source,1
Avatar_Female_Size02_Remielle_Ani_Gacha_Start_羽毛,scalar-full-source|standalone-native,2
Avatar_Female_Size02_Remielle_Ani_Skill04_AirState_Back,scalar-full-source,3
Avatar_Female_Size02_Remielle_Ani_UI_DtoS1,scalar-full-source|standalone-native,2
Avatar_Female_Size02_Remielle_Ani_UI_S1toD,scalar-full-source|standalone-native,2
Avatar_Female_Size02_Remielle_Origin_Ani_AC_Boost_Backflip,scalar-full-source,1
Avatar_Female_Size02_Remielle_Origin_Ani_AC_Boost_L_Loop,scalar-full-source,1
Avatar_Female_Size02_Remielle_Origin_Ani_AC_Boost_L_Start,scalar-full-source,1
Avatar_Female_Size02_Remielle_Origin_Ani_AC_Boost_Loop,scalar-full-source,1
Avatar_Female_Size02_Remielle_Origin_Ani_AC_Boost_R_Loop,scalar-full-source,1
Avatar_Female_Size02_Remielle_Origin_Ani_AC_Boost_R_Start,scalar-full-source,1
Avatar_Female_Size02_Remielle_Origin_Ani_AC_Boost_Start,scalar-full-source,1
Avatar_Female_Size02_Remielle_Origin_Ani_AC_Floater_Idle_Back_Loop,scalar-full-source,1
Avatar_Female_Size02_Remielle_Origin_Ani_AC_Floater_Idle_Loop,scalar-full-source,1
Avatar_Female_Size02_Remielle_Origin_Ani_AC_Floater_RotateToBack,scalar-full-source,1
Avatar_Female_Size02_Remielle_Origin_Ani_AC_Floater_RotateToFront,scalar-full-source,1
Avatar_Female_Size02_Remielle_Origin_Ani_AC_Floater_TurnLeft_Loop,scalar-full-source,1
Avatar_Female_Size02_Remielle_Origin_Ani_AC_Floater_TurnRight_Loop,scalar-full-source,1
Avatar_Female_Size02_Remielle_Origin_Ani_AC_Hit_B_L,scalar-full-source,1
Avatar_Female_Size02_Remielle_Origin_Ani_AC_Hit_B_R,scalar-full-source,1
Avatar_Female_Size02_Remielle_Origin_Ani_AC_Hit_F_L,scalar-full-source,1
Avatar_Female_Size02_Remielle_Origin_Ani_AC_Hit_F_R,scalar-full-source,1
Avatar_Female_Size02_Remielle_Origin_Ani_AC_Parry_B_L,scalar-full-source,1
Avatar_Female_Size02_Remielle_Origin_Ani_AC_Parry_B_L_End,scalar-full-source,1
Avatar_Female_Size02_Remielle_Origin_Ani_AC_Parry_B_R,scalar-full-source,1
Avatar_Female_Size02_Remielle_Origin_Ani_AC_Parry_B_R_End,scalar-full-source,1
Avatar_Female_Size02_Remielle_Origin_Ani_AC_Parry_F_L,scalar-full-source,1
Avatar_Female_Size02_Remielle_Origin_Ani_AC_Parry_F_L_End,scalar-full-source,1
Avatar_Female_Size02_Remielle_Origin_Ani_AC_Parry_F_R,scalar-full-source,1
Avatar_Female_Size02_Remielle_Origin_Ani_AC_Parry_F_R_End,scalar-full-source,1
Avatar_Female_Size02_Remielle_Origin_Ani_AC_Parry_Start,scalar-full-source,1
Avatar_Female_Size02_Remielle_Origin_Ani_AC_ReleaseFloater,scalar-full-source,1
Avatar_Female_Size02_Remielle_Origin_Ani_Attack_AssaultAid,scalar-full-source,1
Avatar_Female_Size02_Remielle_Origin_Ani_Attack_AssaultAid_End,scalar-full-source,1
Avatar_Female_Size02_Remielle_Origin_Ani_Attack_Burst_01,scalar-full-source,1
Avatar_Female_Size02_Remielle_Origin_Ani_Attack_Burst_01_End,scalar-full-source,1
Avatar_Female_Size02_Remielle_Origin_Ani_Attack_Burst_Ex_01,scalar-full-source,1
Avatar_Female_Size02_Remielle_Origin_Ani_Attack_Burst_Ex_01_End,scalar-full-source,1
Avatar_Female_Size02_Remielle_Origin_Ani_Attack_Burst_Ex_02,scalar-full-source|standalone-native,3
Avatar_Female_Size02_Remielle_Origin_Ani_Attack_Burst_Ex_02_End,scalar-full-source,1
Avatar_Female_Size02_Remielle_Origin_Ani_Attack_Burst_Ex_Max01,scalar-full-source,1
Avatar_Female_Size02_Remielle_Origin_Ani_Attack_Burst_Ex_Max02,scalar-full-source,1
Avatar_Female_Size02_Remielle_Origin_Ani_Attack_Burst_Ex_Max02_End,scalar-full-source,1
Avatar_Female_Size02_Remielle_Origin_Ani_Attack_ChangeState,scalar-full-source,1
Avatar_Female_Size02_Remielle_Origin_Ani_Attack_ChangeState_02,scalar-full-source,1
Avatar_Female_Size02_Remielle_Origin_Ani_Attack_Counter,scalar-full-source,1
Avatar_Female_Size02_Remielle_Origin_Ani_Attack_Counter_End,scalar-full-source,1
Avatar_Female_Size02_Remielle_Origin_Ani_Attack_ExSpecial,scalar-full-source,1
Avatar_Female_Size02_Remielle_Origin_Ani_Attack_ExSpecial_End,scalar-full-source,1
Avatar_Female_Size02_Remielle_Origin_Ani_Attack_Normal_01,scalar-full-source,1
Avatar_Female_Size02_Remielle_Origin_Ani_Attack_Normal_01_End,scalar-full-source,1
Avatar_Female_Size02_Remielle_Origin_Ani_Attack_Normal_02,scalar-full-source,1
Avatar_Female_Size02_Remielle_Origin_Ani_Attack_Normal_02_End,scalar-full-source,1
Avatar_Female_Size02_Remielle_Origin_Ani_Attack_Normal_03,scalar-full-source,1
Avatar_Female_Size02_Remielle_Origin_Ani_Attack_Normal_03_End,scalar-full-source,1
Avatar_Female_Size02_Remielle_Origin_Ani_Attack_Normal_04,scalar-full-source,1
Avatar_Female_Size02_Remielle_Origin_Ani_Attack_Normal_04_End,scalar-full-source,1
Avatar_Female_Size02_Remielle_Origin_Ani_Attack_ParryAid_H,scalar-full-source,1
Avatar_Female_Size02_Remielle_Origin_Ani_Attack_ParryAid_H_End,scalar-full-source,1
Avatar_Female_Size02_Remielle_Origin_Ani_Attack_ParryAid_L,scalar-full-source,1
Avatar_Female_Size02_Remielle_Origin_Ani_Attack_ParryAid_L_End,scalar-full-source,1
Avatar_Female_Size02_Remielle_Origin_Ani_Attack_ParryAid_Start,scalar-full-source,1
Avatar_Female_Size02_Remielle_Origin_Ani_Attack_Rush,scalar-full-source,1
Avatar_Female_Size02_Remielle_Origin_Ani_Attack_Rush_End,scalar-full-source,1
Avatar_Female_Size02_Remielle_Origin_Ani_Attack_Special,scalar-full-source,1
Avatar_Female_Size02_Remielle_Origin_Ani_Attack_Special_End,scalar-full-source,1
Avatar_Female_Size02_Remielle_Origin_Ani_Dash_End,scalar-full-source,1
Avatar_Female_Size02_Remielle_Origin_Ani_Dash_Evade,scalar-full-source,1
Avatar_Female_Size02_Remielle_Origin_Ani_Dash_Loop,scalar-full-source,1
Avatar_Female_Size02_Remielle_Origin_Ani_Dash_Loop_02,scalar-full-source,1
Avatar_Female_Size02_Remielle_Origin_Ani_Dash_Start,scalar-full-source,1
Avatar_Female_Size02_Remielle_Origin_Ani_Death,scalar-full-source,1
Avatar_Female_Size02_Remielle_Origin_Ani_Evade_Back,scalar-full-source,1
Avatar_Female_Size02_Remielle_Origin_Ani_Evade_Back_02,scalar-full-source,1
Avatar_Female_Size02_Remielle_Origin_Ani_Evade_Front,scalar-full-source,1
Avatar_Female_Size02_Remielle_Origin_Ani_Evade_Front_02,scalar-full-source,1
Avatar_Female_Size02_Remielle_Origin_Ani_Evade_to_Run_01,scalar-full-source,1
Avatar_Female_Size02_Remielle_Origin_Ani_Finish_AirState_Front,scalar-full-source,1
Avatar_Female_Size02_Remielle_Origin_Ani_Finish_Ex_AirState,scalar-full-source,1
Avatar_Female_Size02_Remielle_Origin_Ani_Finish_Ex_AirState_End,scalar-full-source,1
Avatar_Female_Size02_Remielle_Origin_Ani_Finish_Ex_AirState_Start,scalar-full-source,1
Avatar_Female_Size02_Remielle_Origin_Ani_Gacha_Loop,scalar-full-source,1
Avatar_Female_Size02_Remielle_Origin_Ani_Gacha_Loop_02,scalar-full-source,1
Avatar_Female_Size02_Remielle_Origin_Ani_Gacha_Start,scalar-full-source,1
Avatar_Female_Size02_Remielle_Origin_Ani_Gal_Angry_End,scalar-full-source,1
Avatar_Female_Size02_Remielle_Origin_Ani_Gal_Angry_Loop,scalar-full-source,1
Avatar_Female_Size02_Remielle_Origin_Ani_Gal_Angry_Start,scalar-full-source,1
Avatar_Female_Size02_Remielle_Origin_Ani_Gal_Facial_Angry,scalar-full-source|standalone-native,3
Avatar_Female_Size02_Remielle_Origin_Ani_Gal_Facial_Blink_Angry,scalar-full-source|standalone-native,3
Avatar_Female_Size02_Remielle_Origin_Ani_Gal_Facial_Blink_Happy,scalar-full-source|standalone-native,3
Avatar_Female_Size02_Remielle_Origin_Ani_Gal_Facial_Blink_Idle,scalar-full-source|standalone-native,3
Avatar_Female_Size02_Remielle_Origin_Ani_Gal_Facial_Blink_Sad,scalar-full-source|standalone-native,3
Avatar_Female_Size02_Remielle_Origin_Ani_Gal_Facial_Blink_Shy,scalar-full-source|standalone-native,3
Avatar_Female_Size02_Remielle_Origin_Ani_Gal_Facial_Blink_Surprise,scalar-full-source|standalone-native,3
Avatar_Female_Size02_Remielle_Origin_Ani_Gal_Facial_Blink_Think,scalar-full-source|standalone-native,3
Avatar_Female_Size02_Remielle_Origin_Ani_Gal_Facial_Happy,scalar-full-source|standalone-native,3
Avatar_Female_Size02_Remielle_Origin_Ani_Gal_Facial_Idle,scalar-full-source|standalone-native,3
Avatar_Female_Size02_Remielle_Origin_Ani_Gal_Facial_Sad,scalar-full-source|standalone-native,3
Avatar_Female_Size02_Remielle_Origin_Ani_Gal_Facial_Shy,scalar-full-source|standalone-native,3
Avatar_Female_Size02_Remielle_Origin_Ani_Gal_Facial_Surprise,scalar-full-source|standalone-native,3
Avatar_Female_Size02_Remielle_Origin_Ani_Gal_Facial_Think,scalar-full-source|standalone-native,3
Avatar_Female_Size02_Remielle_Origin_Ani_Gal_Happy_End,scalar-full-source,1
Avatar_Female_Size02_Remielle_Origin_Ani_Gal_Happy_Loop,scalar-full-source,1
Avatar_Female_Size02_Remielle_Origin_Ani_Gal_Happy_Start,scalar-full-source,1
Avatar_Female_Size02_Remielle_Origin_Ani_Gal_Idle,scalar-full-source,1
Avatar_Female_Size02_Remielle_Origin_Ani_Gal_Sad_End,scalar-full-source,1
Avatar_Female_Size02_Remielle_Origin_Ani_Gal_Sad_Loop,scalar-full-source,1
Avatar_Female_Size02_Remielle_Origin_Ani_Gal_Sad_Start,scalar-full-source,1
Avatar_Female_Size02_Remielle_Origin_Ani_Gal_Shy_End,scalar-full-source,1
Avatar_Female_Size02_Remielle_Origin_Ani_Gal_Shy_Loop,scalar-full-source,1
Avatar_Female_Size02_Remielle_Origin_Ani_Gal_Shy_Start,scalar-full-source,1
Avatar_Female_Size02_Remielle_Origin_Ani_Gal_Special_End,scalar-full-source,1
Avatar_Female_Size02_Remielle_Origin_Ani_Gal_Special_Loop,scalar-full-source,1
Avatar_Female_Size02_Remielle_Origin_Ani_Gal_Special_Start,scalar-full-source,1
Avatar_Female_Size02_Remielle_Origin_Ani_Gal_Surprise_End,scalar-full-source,1
Avatar_Female_Size02_Remielle_Origin_Ani_Gal_Surprise_Loop,scalar-full-source,1
Avatar_Female_Size02_Remielle_Origin_Ani_Gal_Surprise_Start,scalar-full-source,1
Avatar_Female_Size02_Remielle_Origin_Ani_Gal_Think_End,scalar-full-source,1
Avatar_Female_Size02_Remielle_Origin_Ani_Gal_Think_Loop,scalar-full-source,1
Avatar_Female_Size02_Remielle_Origin_Ani_Gal_Think_Start,scalar-full-source,1
Avatar_Female_Size02_Remielle_Origin_Ani_HitFly_Back,scalar-full-source,1
Avatar_Female_Size02_Remielle_Origin_Ani_HitFly_Front,scalar-full-source,1
Avatar_Female_Size02_Remielle_Origin_Ani_Hit_H_Back,scalar-full-source,1
Avatar_Female_Size02_Remielle_Origin_Ani_Hit_H_Front,scalar-full-source,1
Avatar_Female_Size02_Remielle_Origin_Ani_Hit_L_Back,scalar-full-source,1
Avatar_Female_Size02_Remielle_Origin_Ani_Hit_L_Front,scalar-full-source,1
Avatar_Female_Size02_Remielle_Origin_Ani_Hit_Shake,scalar-full-source,1
Avatar_Female_Size02_Remielle_Origin_Ani_Idle_AFK,scalar-full-source,1
Avatar_Female_Size02_Remielle_Origin_Ani_Idle_AirState_Back_Loop,scalar-full-source,1
Avatar_Female_Size02_Remielle_Origin_Ani_Idle_AirState_Front_Loop,scalar-full-source,1
Avatar_Female_Size02_Remielle_Origin_Ani_Idle_Loop,scalar-full-source,1
Avatar_Female_Size02_Remielle_Origin_Ani_MC_Idle_Loop,scalar-full-source,1
Avatar_Female_Size02_Remielle_Origin_Ani_MC_RunToWalk,scalar-full-source,1
Avatar_Female_Size02_Remielle_Origin_Ani_MC_Run_End_L,scalar-full-source,1
Avatar_Female_Size02_Remielle_Origin_Ani_MC_Run_End_R,scalar-full-source,1
Avatar_Female_Size02_Remielle_Origin_Ani_MC_Run_Loop,scalar-full-source,2
Avatar_Female_Size02_Remielle_Origin_Ani_MC_Run_Start,scalar-full-source,1
Avatar_Female_Size02_Remielle_Origin_Ani_MC_Run_Start_End,scalar-full-source,1
Avatar_Female_Size02_Remielle_Origin_Ani_MC_Run_TurnBack,scalar-full-source,1
Avatar_Female_Size02_Remielle_Origin_Ani_MC_Sprint_Loop,scalar-full-source,1
Avatar_Female_Size02_Remielle_Origin_Ani_MC_Stand_Idle01_Loop,scalar-full-source,1
Avatar_Female_Size02_Remielle_Origin_Ani_MC_Stand_LookingPose,scalar-full-source,1
Avatar_Female_Size02_Remielle_Origin_Ani_MC_Stand_Photo,scalar-full-source,1
Avatar_Female_Size02_Remielle_Origin_Ani_MC_Stand_StandingPose,scalar-full-source,1
Avatar_Female_Size02_Remielle_Origin_Ani_MC_Stand_Think_Loop,scalar-full-source,1
Avatar_Female_Size02_Remielle_Origin_Ani_MC_Stand_TouchingPose,scalar-full-source,1
Avatar_Female_Size02_Remielle_Origin_Ani_MC_Stand_Weak_Loop,scalar-full-source,1
Avatar_Female_Size02_Remielle_Origin_Ani_MC_TL_TurnAround,scalar-full-source,1
Avatar_Female_Size02_Remielle_Origin_Ani_MC_TurnAround_L,scalar-full-source,1
Avatar_Female_Size02_Remielle_Origin_Ani_MC_TurnAround_R,scalar-full-source,1
Avatar_Female_Size02_Remielle_Origin_Ani_MC_Walk_End_02_L,scalar-full-source,1
Avatar_Female_Size02_Remielle_Origin_Ani_MC_Walk_End_02_R,scalar-full-source,1
Avatar_Female_Size02_Remielle_Origin_Ani_MC_Walk_End_L,scalar-full-source,1
Avatar_Female_Size02_Remielle_Origin_Ani_MC_Walk_End_R,scalar-full-source,1
Avatar_Female_Size02_Remielle_Origin_Ani_MC_Walk_Loop,scalar-full-source,1
Avatar_Female_Size02_Remielle_Origin_Ani_MC_Walk_Start,scalar-full-source,1
Avatar_Female_Size02_Remielle_Origin_Ani_Move_B_AirBack_Loop,scalar-full-source,1
Avatar_Female_Size02_Remielle_Origin_Ani_Move_B_AirFront_Loop,scalar-full-source,1
Avatar_Female_Size02_Remielle_Origin_Ani_Move_F_AirBack_Loop,scalar-full-source,1
Avatar_Female_Size02_Remielle_Origin_Ani_Move_F_AirFront_Loop,scalar-full-source,1
Avatar_Female_Size02_Remielle_Origin_Ani_Move_L_AirBack_Loop,scalar-full-source,1
Avatar_Female_Size02_Remielle_Origin_Ani_Move_L_AirFront_Loop,scalar-full-source,1
Avatar_Female_Size02_Remielle_Origin_Ani_Move_R_AirBack_Loop,scalar-full-source,1
Avatar_Female_Size02_Remielle_Origin_Ani_Move_R_AirFront_Loop,scalar-full-source,1
Avatar_Female_Size02_Remielle_Origin_Ani_QuestStart,scalar-full-source,1
Avatar_Female_Size02_Remielle_Origin_Ani_Run_End,scalar-full-source,1
Avatar_Female_Size02_Remielle_Origin_Ani_Run_Loop_01,scalar-full-source,1
Avatar_Female_Size02_Remielle_Origin_Ani_Run_Loop_02,scalar-full-source,1
Avatar_Female_Size02_Remielle_Origin_Ani_Run_Transform_01,scalar-full-source,1
Avatar_Female_Size02_Remielle_Origin_Ani_Run_Transform_02,scalar-full-source,1
Avatar_Female_Size02_Remielle_Origin_Ani_Skill01_AirState_Back,scalar-full-source,1
Avatar_Female_Size02_Remielle_Origin_Ani_Skill01_AirState_Front,scalar-full-source,1
Avatar_Female_Size02_Remielle_Origin_Ani_Skill02_AirState_Back,scalar-full-source,1
Avatar_Female_Size02_Remielle_Origin_Ani_Skill02_AirState_Front,scalar-full-source,1
Avatar_Female_Size02_Remielle_Origin_Ani_Skill03_AirState_Back,scalar-full-source,1
Avatar_Female_Size02_Remielle_Origin_Ani_Skill03_AirState_Front,scalar-full-source,1
Avatar_Female_Size02_Remielle_Origin_Ani_Skill04_AirState_Front,scalar-full-source,1
Avatar_Female_Size02_Remielle_Origin_Ani_Skill05_AirState_Back,scalar-full-source,1
Avatar_Female_Size02_Remielle_Origin_Ani_Start_AirState_Back,scalar-full-source,1
Avatar_Female_Size02_Remielle_Origin_Ani_SwitchIn_Attack,scalar-full-source,1
Avatar_Female_Size02_Remielle_Origin_Ani_SwitchIn_Attack_End,scalar-full-source,1
Avatar_Female_Size02_Remielle_Origin_Ani_SwitchIn_Attack_Ex,scalar-full-source,1
Avatar_Female_Size02_Remielle_Origin_Ani_SwitchIn_Attack_Ex_Extra,scalar-full-source,1
Avatar_Female_Size02_Remielle_Origin_Ani_SwitchIn_Attack_Ex_Extra_End,scalar-full-source,1
Avatar_Female_Size02_Remielle_Origin_Ani_SwitchIn_Attack_Ex_Start,scalar-full-source,1
Avatar_Female_Size02_Remielle_Origin_Ani_SwitchIn_Normal,scalar-full-source,1
Avatar_Female_Size02_Remielle_Origin_Ani_SwitchOut_AirState_Back,scalar-full-source,1
Avatar_Female_Size02_Remielle_Origin_Ani_SwitchOut_Normal,scalar-full-source,1
Avatar_Female_Size02_Remielle_Origin_Ani_UI_CharSel_Loop,scalar-full-source,1
Avatar_Female_Size02_Remielle_Origin_Ani_UI_CharSel_Start,scalar-full-source,1
Avatar_Female_Size02_Remielle_Origin_Ani_UI_Detail,scalar-full-source,1
Avatar_Female_Size02_Remielle_Origin_Ani_UI_DtoE,scalar-full-source,1
Avatar_Female_Size02_Remielle_Origin_Ani_UI_DtoS1,scalar-full-source,1
Avatar_Female_Size02_Remielle_Origin_Ani_UI_Equipment,scalar-full-source,1
Avatar_Female_Size02_Remielle_Origin_Ani_UI_EtoD,scalar-full-source,1
Avatar_Female_Size02_Remielle_Origin_Ani_UI_EtoS2,scalar-full-source,1
Avatar_Female_Size02_Remielle_Origin_Ani_UI_MainPage_01,scalar-full-source,1
Avatar_Female_Size02_Remielle_Origin_Ani_UI_S1toD,scalar-full-source,1
Avatar_Female_Size02_Remielle_Origin_Ani_UI_S1toE,scalar-full-source,1
Avatar_Female_Size02_Remielle_Origin_Ani_UI_S2toD,scalar-full-source,1
Avatar_Female_Size02_Remielle_Origin_Ani_UI_S2toE,scalar-full-source,1
Avatar_Female_Size02_Remielle_Origin_Ani_UI_Skill_01,scalar-full-source,1
Avatar_Female_Size02_Remielle_Origin_Ani_UI_Skill_02,scalar-full-source,1
Avatar_Female_Size02_Remielle_Origin_Ani_Walk_End,scalar-full-source,1
Avatar_Female_Size02_Remielle_Origin_Ani_Walk_Loop,scalar-full-source,1
Avatar_Female_Size02_Remielle_Origin_Ani_Walk_Start,scalar-full-source,1
Avatar_Female_Size02_Remielle_Origin_Ani_Walk_Start_End,scalar-full-source,1
Avatar_Female_Size02_Remielle_Origin_Ani_Walk_to_Run_01,scalar-full-source,1
Avatar_Female_Size02_Remielle_Origin_Cam_Attack_Burst_Ex_Max01,scalar-full-source|standalone-native,2
Avatar_Female_Size02_Remielle_Origin_Cam_Finish_Ex_AirState,scalar-full-source|standalone-native,2
Avatar_Female_Size02_Remielle_Origin_Cam_Finish_Ex_AirState_Start,scalar-full-source|standalone-native,2
Avatar_Female_Size02_Remielle_Origin_Cam_QuestStart,scalar-full-source|standalone-native,2
Avatar_Female_Size02_Remielle_Origin_Cam_SwitchIn_Attack_Ex_Start,scalar-full-source|standalone-native,2
Avatar_Female_Size02_Remielle_Origin_Default_Ani_Attack_AssaultAid,scalar-full-source,1
Avatar_Female_Size02_Remielle_Origin_Default_Ani_Attack_AssaultAid_End,scalar-full-source,1
Avatar_Female_Size02_Remielle_Origin_Default_Ani_Attack_Burst_01,scalar-full-source,1
Avatar_Female_Size02_Remielle_Origin_Default_Ani_Attack_Burst_01_End,scalar-full-source,1
Avatar_Female_Size02_Remielle_Origin_Default_Ani_Attack_Burst_Ex_01,scalar-full-source,1
Avatar_Female_Size02_Remielle_Origin_Default_Ani_Attack_Burst_Ex_01_End,scalar-full-source,1
Avatar_Female_Size02_Remielle_Origin_Default_Ani_Attack_Burst_Ex_02,scalar-full-source,1
Avatar_Female_Size02_Remielle_Origin_Default_Ani_Attack_Burst_Ex_02_End,scalar-full-source,1
Avatar_Female_Size02_Remielle_Origin_Default_Ani_Attack_Burst_Ex_Max01,scalar-full-source,1
Avatar_Female_Size02_Remielle_Origin_Default_Ani_Attack_Burst_Ex_Max02,scalar-full-source,1
Avatar_Female_Size02_Remielle_Origin_Default_Ani_Attack_Burst_Ex_Max02_End,scalar-full-source,1
Avatar_Female_Size02_Remielle_Origin_Default_Ani_Attack_ChangeState,scalar-full-source,1
Avatar_Female_Size02_Remielle_Origin_Default_Ani_Attack_ChangeState_02,scalar-full-source,1
Avatar_Female_Size02_Remielle_Origin_Default_Ani_Attack_Counter,scalar-full-source,1
Avatar_Female_Size02_Remielle_Origin_Default_Ani_Attack_Counter_End,scalar-full-source,1
Avatar_Female_Size02_Remielle_Origin_Default_Ani_Attack_ExSpecial,scalar-full-source,1
Avatar_Female_Size02_Remielle_Origin_Default_Ani_Attack_ExSpecial_End,scalar-full-source,1
Avatar_Female_Size02_Remielle_Origin_Default_Ani_Attack_Normal_01,scalar-full-source,1
Avatar_Female_Size02_Remielle_Origin_Default_Ani_Attack_Normal_01_End,scalar-full-source,1
Avatar_Female_Size02_Remielle_Origin_Default_Ani_Attack_Normal_02,scalar-full-source,1
Avatar_Female_Size02_Remielle_Origin_Default_Ani_Attack_Normal_02_End,scalar-full-source,1
Avatar_Female_Size02_Remielle_Origin_Default_Ani_Attack_Normal_03,scalar-full-source,1
Avatar_Female_Size02_Remielle_Origin_Default_Ani_Attack_Normal_03_End,scalar-full-source,1
Avatar_Female_Size02_Remielle_Origin_Default_Ani_Attack_Normal_04,scalar-full-source,1
Avatar_Female_Size02_Remielle_Origin_Default_Ani_Attack_Normal_04_End,scalar-full-source,1
Avatar_Female_Size02_Remielle_Origin_Default_Ani_Attack_ParryAid_H,scalar-full-source,1
Avatar_Female_Size02_Remielle_Origin_Default_Ani_Attack_ParryAid_H_End,scalar-full-source,1
Avatar_Female_Size02_Remielle_Origin_Default_Ani_Attack_ParryAid_L,scalar-full-source,1
Avatar_Female_Size02_Remielle_Origin_Default_Ani_Attack_ParryAid_L_End,scalar-full-source,1
Avatar_Female_Size02_Remielle_Origin_Default_Ani_Attack_ParryAid_Start,scalar-full-source,1
Avatar_Female_Size02_Remielle_Origin_Default_Ani_Attack_Rush,scalar-full-source,1
Avatar_Female_Size02_Remielle_Origin_Default_Ani_Attack_Rush_End,scalar-full-source,1
Avatar_Female_Size02_Remielle_Origin_Default_Ani_Attack_Special,scalar-full-source,1
Avatar_Female_Size02_Remielle_Origin_Default_Ani_Attack_Special_End,scalar-full-source,1
Avatar_Female_Size02_Remielle_Origin_Default_Ani_Dash_End,scalar-full-source,1
Avatar_Female_Size02_Remielle_Origin_Default_Ani_Dash_Evade,scalar-full-source,1
Avatar_Female_Size02_Remielle_Origin_Default_Ani_Dash_Loop,scalar-full-source,1
Avatar_Female_Size02_Remielle_Origin_Default_Ani_Dash_Loop_02,scalar-full-source,1
Avatar_Female_Size02_Remielle_Origin_Default_Ani_Dash_Start,scalar-full-source,1
Avatar_Female_Size02_Remielle_Origin_Default_Ani_Death,scalar-full-source,1
Avatar_Female_Size02_Remielle_Origin_Default_Ani_Evade_Back,scalar-full-source,1
Avatar_Female_Size02_Remielle_Origin_Default_Ani_Evade_Back_02,scalar-full-source,1
Avatar_Female_Size02_Remielle_Origin_Default_Ani_Evade_Front,scalar-full-source,1
Avatar_Female_Size02_Remielle_Origin_Default_Ani_Evade_Front_02,scalar-full-source,1
Avatar_Female_Size02_Remielle_Origin_Default_Ani_Evade_to_Run_01,scalar-full-source,1
Avatar_Female_Size02_Remielle_Origin_Default_Ani_Finish_AirState_Front,scalar-full-source,1
Avatar_Female_Size02_Remielle_Origin_Default_Ani_Finish_Ex_AirState,scalar-full-source,1
Avatar_Female_Size02_Remielle_Origin_Default_Ani_Finish_Ex_AirState_End,scalar-full-source,1
Avatar_Female_Size02_Remielle_Origin_Default_Ani_Finish_Ex_AirState_Start,scalar-full-source,1
Avatar_Female_Size02_Remielle_Origin_Default_Ani_Gacha_Loop,scalar-full-source,1
Avatar_Female_Size02_Remielle_Origin_Default_Ani_Gacha_Loop_02,scalar-full-source,1
Avatar_Female_Size02_Remielle_Origin_Default_Ani_Gacha_Start,scalar-full-source,1
Avatar_Female_Size02_Remielle_Origin_Default_Ani_Gal_Angry_End,scalar-full-source,1
Avatar_Female_Size02_Remielle_Origin_Default_Ani_Gal_Angry_Loop,scalar-full-source,1
Avatar_Female_Size02_Remielle_Origin_Default_Ani_Gal_Angry_Start,scalar-full-source,1
Avatar_Female_Size02_Remielle_Origin_Default_Ani_Gal_Happy_End,scalar-full-source,1
Avatar_Female_Size02_Remielle_Origin_Default_Ani_Gal_Happy_Loop,scalar-full-source,1
Avatar_Female_Size02_Remielle_Origin_Default_Ani_Gal_Happy_Start,scalar-full-source,1
Avatar_Female_Size02_Remielle_Origin_Default_Ani_Gal_Idle,scalar-full-source,1
Avatar_Female_Size02_Remielle_Origin_Default_Ani_Gal_Sad_End,scalar-full-source,1
Avatar_Female_Size02_Remielle_Origin_Default_Ani_Gal_Sad_Loop,scalar-full-source,1
Avatar_Female_Size02_Remielle_Origin_Default_Ani_Gal_Sad_Start,scalar-full-source,1
Avatar_Female_Size02_Remielle_Origin_Default_Ani_Gal_Shy_End,scalar-full-source,1
Avatar_Female_Size02_Remielle_Origin_Default_Ani_Gal_Shy_Loop,scalar-full-source,1
Avatar_Female_Size02_Remielle_Origin_Default_Ani_Gal_Shy_Start,scalar-full-source,1
Avatar_Female_Size02_Remielle_Origin_Default_Ani_Gal_Special_End,scalar-full-source,1
Avatar_Female_Size02_Remielle_Origin_Default_Ani_Gal_Special_Loop,scalar-full-source,1
Avatar_Female_Size02_Remielle_Origin_Default_Ani_Gal_Special_Start,scalar-full-source,1
Avatar_Female_Size02_Remielle_Origin_Default_Ani_Gal_Surprise_End,scalar-full-source,1
Avatar_Female_Size02_Remielle_Origin_Default_Ani_Gal_Surprise_Loop,scalar-full-source,1
Avatar_Female_Size02_Remielle_Origin_Default_Ani_Gal_Surprise_Start,scalar-full-source,1
Avatar_Female_Size02_Remielle_Origin_Default_Ani_Gal_Think_End,scalar-full-source,1
Avatar_Female_Size02_Remielle_Origin_Default_Ani_Gal_Think_Loop,scalar-full-source,1
Avatar_Female_Size02_Remielle_Origin_Default_Ani_Gal_Think_Start,scalar-full-source,1
Avatar_Female_Size02_Remielle_Origin_Default_Ani_HitFly_Back,scalar-full-source,1
Avatar_Female_Size02_Remielle_Origin_Default_Ani_HitFly_Front,scalar-full-source,1
Avatar_Female_Size02_Remielle_Origin_Default_Ani_Hit_H_Back,scalar-full-source,1
Avatar_Female_Size02_Remielle_Origin_Default_Ani_Hit_H_Front,scalar-full-source,1
Avatar_Female_Size02_Remielle_Origin_Default_Ani_Hit_L_Back,scalar-full-source,1
Avatar_Female_Size02_Remielle_Origin_Default_Ani_Hit_L_Front,scalar-full-source,1
Avatar_Female_Size02_Remielle_Origin_Default_Ani_Hit_Shake,scalar-full-source,1
Avatar_Female_Size02_Remielle_Origin_Default_Ani_Idle_AFK,scalar-full-source,1
Avatar_Female_Size02_Remielle_Origin_Default_Ani_Idle_AirState_Back_Loop,scalar-full-source,1
Avatar_Female_Size02_Remielle_Origin_Default_Ani_Idle_AirState_Front_Loop,scalar-full-source,1
Avatar_Female_Size02_Remielle_Origin_Default_Ani_Idle_Loop,scalar-full-source,1
Avatar_Female_Size02_Remielle_Origin_Default_Ani_MC_Idle_Loop,scalar-full-source,1
Avatar_Female_Size02_Remielle_Origin_Default_Ani_MC_RunToWalk,scalar-full-source,1
Avatar_Female_Size02_Remielle_Origin_Default_Ani_MC_Run_End_L,scalar-full-source,1
Avatar_Female_Size02_Remielle_Origin_Default_Ani_MC_Run_End_R,scalar-full-source,1
Avatar_Female_Size02_Remielle_Origin_Default_Ani_MC_Run_Loop,scalar-full-source,2
Avatar_Female_Size02_Remielle_Origin_Default_Ani_MC_Run_Start,scalar-full-source,1
Avatar_Female_Size02_Remielle_Origin_Default_Ani_MC_Run_Start_End,scalar-full-source,1
Avatar_Female_Size02_Remielle_Origin_Default_Ani_MC_Run_TurnBack,scalar-full-source,1
Avatar_Female_Size02_Remielle_Origin_Default_Ani_MC_Sprint_Loop,scalar-full-source,1
Avatar_Female_Size02_Remielle_Origin_Default_Ani_MC_Stand_Idle01_Loop,scalar-full-source,1
Avatar_Female_Size02_Remielle_Origin_Default_Ani_MC_Stand_LookingPose,scalar-full-source,1
Avatar_Female_Size02_Remielle_Origin_Default_Ani_MC_Stand_Photo,scalar-full-source,1
Avatar_Female_Size02_Remielle_Origin_Default_Ani_MC_Stand_StandingPose,scalar-full-source,1
Avatar_Female_Size02_Remielle_Origin_Default_Ani_MC_Stand_Think_Loop,scalar-full-source,1
Avatar_Female_Size02_Remielle_Origin_Default_Ani_MC_Stand_TouchingPose,scalar-full-source,1
Avatar_Female_Size02_Remielle_Origin_Default_Ani_MC_Stand_Weak_Loop,scalar-full-source,1
Avatar_Female_Size02_Remielle_Origin_Default_Ani_MC_TL_TurnAround,scalar-full-source,1
Avatar_Female_Size02_Remielle_Origin_Default_Ani_MC_TurnAround_L,scalar-full-source,1
Avatar_Female_Size02_Remielle_Origin_Default_Ani_MC_TurnAround_R,scalar-full-source,1
Avatar_Female_Size02_Remielle_Origin_Default_Ani_MC_Walk_End_02_L,scalar-full-source,1
Avatar_Female_Size02_Remielle_Origin_Default_Ani_MC_Walk_End_02_R,scalar-full-source,1
Avatar_Female_Size02_Remielle_Origin_Default_Ani_MC_Walk_End_L,scalar-full-source,1
Avatar_Female_Size02_Remielle_Origin_Default_Ani_MC_Walk_End_R,scalar-full-source,1
Avatar_Female_Size02_Remielle_Origin_Default_Ani_MC_Walk_Loop,scalar-full-source,1
Avatar_Female_Size02_Remielle_Origin_Default_Ani_MC_Walk_Start,scalar-full-source,1
Avatar_Female_Size02_Remielle_Origin_Default_Ani_Move_B_AirBack_Loop,scalar-full-source,1
Avatar_Female_Size02_Remielle_Origin_Default_Ani_Move_B_AirFront_Loop,scalar-full-source,1
Avatar_Female_Size02_Remielle_Origin_Default_Ani_Move_F_AirBack_Loop,scalar-full-source,1
Avatar_Female_Size02_Remielle_Origin_Default_Ani_Move_F_AirFront_Loop,scalar-full-source,1
Avatar_Female_Size02_Remielle_Origin_Default_Ani_Move_L_AirBack_Loop,scalar-full-source,1
Avatar_Female_Size02_Remielle_Origin_Default_Ani_Move_L_AirFront_Loop,scalar-full-source,1
Avatar_Female_Size02_Remielle_Origin_Default_Ani_Move_R_AirBack_Loop,scalar-full-source,1
Avatar_Female_Size02_Remielle_Origin_Default_Ani_Move_R_AirFront_Loop,scalar-full-source,1
Avatar_Female_Size02_Remielle_Origin_Default_Ani_QuestStart,scalar-full-source,1
Avatar_Female_Size02_Remielle_Origin_Default_Ani_Run_End,scalar-full-source,1
Avatar_Female_Size02_Remielle_Origin_Default_Ani_Run_Loop_01,scalar-full-source,1
Avatar_Female_Size02_Remielle_Origin_Default_Ani_Run_Loop_02,scalar-full-source,1
Avatar_Female_Size02_Remielle_Origin_Default_Ani_Run_Transform_01,scalar-full-source,1
Avatar_Female_Size02_Remielle_Origin_Default_Ani_Run_Transform_02,scalar-full-source,1
Avatar_Female_Size02_Remielle_Origin_Default_Ani_Skill01_AirState_Back,scalar-full-source,1
Avatar_Female_Size02_Remielle_Origin_Default_Ani_Skill01_AirState_Front,scalar-full-source,1
Avatar_Female_Size02_Remielle_Origin_Default_Ani_Skill02_AirState_Back,scalar-full-source,1
Avatar_Female_Size02_Remielle_Origin_Default_Ani_Skill02_AirState_Front,scalar-full-source,1
Avatar_Female_Size02_Remielle_Origin_Default_Ani_Skill03_AirState_Back,scalar-full-source,1
Avatar_Female_Size02_Remielle_Origin_Default_Ani_Skill03_AirState_Front,scalar-full-source,1
Avatar_Female_Size02_Remielle_Origin_Default_Ani_Skill04_AirState_Front,scalar-full-source,1
Avatar_Female_Size02_Remielle_Origin_Default_Ani_Skill05_AirState_Back,scalar-full-source,1
Avatar_Female_Size02_Remielle_Origin_Default_Ani_Start_AirState_Back,scalar-full-source,1
Avatar_Female_Size02_Remielle_Origin_Default_Ani_SwitchIn_Attack,scalar-full-source,1
Avatar_Female_Size02_Remielle_Origin_Default_Ani_SwitchIn_Attack_End,scalar-full-source,1
Avatar_Female_Size02_Remielle_Origin_Default_Ani_SwitchIn_Attack_Ex,scalar-full-source,1
Avatar_Female_Size02_Remielle_Origin_Default_Ani_SwitchIn_Attack_Ex_Extra,scalar-full-source,1
Avatar_Female_Size02_Remielle_Origin_Default_Ani_SwitchIn_Attack_Ex_Extra_End,scalar-full-source,1
Avatar_Female_Size02_Remielle_Origin_Default_Ani_SwitchIn_Attack_Ex_Start,scalar-full-source,1
Avatar_Female_Size02_Remielle_Origin_Default_Ani_SwitchIn_Normal,scalar-full-source,1
Avatar_Female_Size02_Remielle_Origin_Default_Ani_SwitchOut_AirState_Back,scalar-full-source,1
Avatar_Female_Size02_Remielle_Origin_Default_Ani_SwitchOut_Normal,scalar-full-source,1
Avatar_Female_Size02_Remielle_Origin_Default_Ani_UI_CharSel_Loop,scalar-full-source,1
Avatar_Female_Size02_Remielle_Origin_Default_Ani_UI_CharSel_Start,scalar-full-source,1
Avatar_Female_Size02_Remielle_Origin_Default_Ani_UI_Detail,scalar-full-source,1
Avatar_Female_Size02_Remielle_Origin_Default_Ani_UI_DtoE,scalar-full-source,1
Avatar_Female_Size02_Remielle_Origin_Default_Ani_UI_DtoS1,scalar-full-source,1
Avatar_Female_Size02_Remielle_Origin_Default_Ani_UI_Equipment,scalar-full-source,1
Avatar_Female_Size02_Remielle_Origin_Default_Ani_UI_EtoD,scalar-full-source,1
Avatar_Female_Size02_Remielle_Origin_Default_Ani_UI_EtoS2,scalar-full-source,1
Avatar_Female_Size02_Remielle_Origin_Default_Ani_UI_MainPage_01,scalar-full-source,1
Avatar_Female_Size02_Remielle_Origin_Default_Ani_UI_S1toD,scalar-full-source,1
Avatar_Female_Size02_Remielle_Origin_Default_Ani_UI_S1toE,scalar-full-source,1
Avatar_Female_Size02_Remielle_Origin_Default_Ani_UI_S2toD,scalar-full-source,1
Avatar_Female_Size02_Remielle_Origin_Default_Ani_UI_S2toE,scalar-full-source,1
Avatar_Female_Size02_Remielle_Origin_Default_Ani_UI_Skill_01,scalar-full-source,1
Avatar_Female_Size02_Remielle_Origin_Default_Ani_UI_Skill_02,scalar-full-source,1
Avatar_Female_Size02_Remielle_Origin_Default_Ani_Walk_End,scalar-full-source,1
Avatar_Female_Size02_Remielle_Origin_Default_Ani_Walk_Loop,scalar-full-source,1
Avatar_Female_Size02_Remielle_Origin_Default_Ani_Walk_Start,scalar-full-source,1
Avatar_Female_Size02_Remielle_Origin_Default_Ani_Walk_Start_End,scalar-full-source,1
Avatar_Female_Size02_Remielle_Origin_Default_Ani_Walk_to_Run_01,scalar-full-source,1
Avatar_Female_Size02_Remielle_PasSeul_Ani_Attack_AssaultAid,scalar-full-source,1
Avatar_Female_Size02_Remielle_PasSeul_Ani_Attack_AssaultAid_End,scalar-full-source,1
Avatar_Female_Size02_Remielle_PasSeul_Ani_Attack_Burst_01,scalar-full-source,1
Avatar_Female_Size02_Remielle_PasSeul_Ani_Attack_Burst_01_End,scalar-full-source,1
Avatar_Female_Size02_Remielle_PasSeul_Ani_Attack_Burst_Ex_01,scalar-full-source,1
Avatar_Female_Size02_Remielle_PasSeul_Ani_Attack_Burst_Ex_01_End,scalar-full-source,1
Avatar_Female_Size02_Remielle_PasSeul_Ani_Attack_Burst_Ex_Max01,scalar-full-source,1
Avatar_Female_Size02_Remielle_PasSeul_Ani_Attack_Burst_Ex_Max02,scalar-full-source,1
Avatar_Female_Size02_Remielle_PasSeul_Ani_Attack_Burst_Ex_Max02_End,scalar-full-source,1
Avatar_Female_Size02_Remielle_PasSeul_Ani_Attack_ChangeState,scalar-full-source,1
Avatar_Female_Size02_Remielle_PasSeul_Ani_Attack_ChangeState_02,scalar-full-source,1
Avatar_Female_Size02_Remielle_PasSeul_Ani_Attack_Counter,scalar-full-source,1
Avatar_Female_Size02_Remielle_PasSeul_Ani_Attack_Counter_End,scalar-full-source,1
Avatar_Female_Size02_Remielle_PasSeul_Ani_Attack_ExSpecial,scalar-full-source,1
Avatar_Female_Size02_Remielle_PasSeul_Ani_Attack_ExSpecial_End,scalar-full-source,1
Avatar_Female_Size02_Remielle_PasSeul_Ani_Attack_Normal_01,scalar-full-source,1
Avatar_Female_Size02_Remielle_PasSeul_Ani_Attack_Normal_01_End,scalar-full-source,1
Avatar_Female_Size02_Remielle_PasSeul_Ani_Attack_Normal_02,scalar-full-source,1
Avatar_Female_Size02_Remielle_PasSeul_Ani_Attack_Normal_02_End,scalar-full-source,1
Avatar_Female_Size02_Remielle_PasSeul_Ani_Attack_Normal_03,scalar-full-source,1
Avatar_Female_Size02_Remielle_PasSeul_Ani_Attack_Normal_03_End,scalar-full-source,1
Avatar_Female_Size02_Remielle_PasSeul_Ani_Attack_Normal_04,scalar-full-source,1
Avatar_Female_Size02_Remielle_PasSeul_Ani_Attack_Normal_04_End,scalar-full-source,1
Avatar_Female_Size02_Remielle_PasSeul_Ani_Attack_ParryAid_H,scalar-full-source,1
Avatar_Female_Size02_Remielle_PasSeul_Ani_Attack_ParryAid_H_End,scalar-full-source,1
Avatar_Female_Size02_Remielle_PasSeul_Ani_Attack_ParryAid_L,scalar-full-source,1
Avatar_Female_Size02_Remielle_PasSeul_Ani_Attack_ParryAid_L_End,scalar-full-source,1
Avatar_Female_Size02_Remielle_PasSeul_Ani_Attack_ParryAid_Start,scalar-full-source,1
Avatar_Female_Size02_Remielle_PasSeul_Ani_Attack_Rush,scalar-full-source,1
Avatar_Female_Size02_Remielle_PasSeul_Ani_Attack_Rush_End,scalar-full-source,1
Avatar_Female_Size02_Remielle_PasSeul_Ani_Attack_Special,scalar-full-source,1
Avatar_Female_Size02_Remielle_PasSeul_Ani_Attack_Special_End,scalar-full-source,1
Avatar_Female_Size02_Remielle_PasSeul_Ani_Dash_End,scalar-full-source,1
Avatar_Female_Size02_Remielle_PasSeul_Ani_Dash_Evade,scalar-full-source,1
Avatar_Female_Size02_Remielle_PasSeul_Ani_Dash_Loop,scalar-full-source,1
Avatar_Female_Size02_Remielle_PasSeul_Ani_Dash_Loop_02,scalar-full-source,1
Avatar_Female_Size02_Remielle_PasSeul_Ani_Dash_Start,scalar-full-source,1
Avatar_Female_Size02_Remielle_PasSeul_Ani_Death,scalar-full-source,1
Avatar_Female_Size02_Remielle_PasSeul_Ani_Evade_Back,scalar-full-source,1
Avatar_Female_Size02_Remielle_PasSeul_Ani_Evade_Back_02,scalar-full-source,1
Avatar_Female_Size02_Remielle_PasSeul_Ani_Evade_Front,scalar-full-source,1
Avatar_Female_Size02_Remielle_PasSeul_Ani_Evade_Front_02,scalar-full-source,1
Avatar_Female_Size02_Remielle_PasSeul_Ani_Evade_to_Run_01,scalar-full-source,1
Avatar_Female_Size02_Remielle_PasSeul_Ani_Finish_AirState_Front,scalar-full-source,1
Avatar_Female_Size02_Remielle_PasSeul_Ani_Finish_Ex_AirState,scalar-full-source,1
Avatar_Female_Size02_Remielle_PasSeul_Ani_Finish_Ex_AirState_End,scalar-full-source,1
Avatar_Female_Size02_Remielle_PasSeul_Ani_Finish_Ex_AirState_Start,scalar-full-source,1
Avatar_Female_Size02_Remielle_PasSeul_Ani_Gal_Angry_End,scalar-full-source,1
Avatar_Female_Size02_Remielle_PasSeul_Ani_Gal_Angry_Loop,scalar-full-source,1
Avatar_Female_Size02_Remielle_PasSeul_Ani_Gal_Angry_Start,scalar-full-source,1
Avatar_Female_Size02_Remielle_PasSeul_Ani_Gal_Happy_End,scalar-full-source,1
Avatar_Female_Size02_Remielle_PasSeul_Ani_Gal_Happy_Loop,scalar-full-source,1
Avatar_Female_Size02_Remielle_PasSeul_Ani_Gal_Happy_Start,scalar-full-source,1
Avatar_Female_Size02_Remielle_PasSeul_Ani_Gal_Idle,scalar-full-source,1
Avatar_Female_Size02_Remielle_PasSeul_Ani_Gal_Sad_End,scalar-full-source,1
Avatar_Female_Size02_Remielle_PasSeul_Ani_Gal_Sad_Loop,scalar-full-source,1
Avatar_Female_Size02_Remielle_PasSeul_Ani_Gal_Sad_Start,scalar-full-source,1
Avatar_Female_Size02_Remielle_PasSeul_Ani_Gal_Shy_End,scalar-full-source,1
Avatar_Female_Size02_Remielle_PasSeul_Ani_Gal_Shy_Loop,scalar-full-source,1
Avatar_Female_Size02_Remielle_PasSeul_Ani_Gal_Shy_Start,scalar-full-source,1
Avatar_Female_Size02_Remielle_PasSeul_Ani_Gal_Special_End,scalar-full-source,1
Avatar_Female_Size02_Remielle_PasSeul_Ani_Gal_Special_Loop,scalar-full-source,1
Avatar_Female_Size02_Remielle_PasSeul_Ani_Gal_Special_Start,scalar-full-source,1
Avatar_Female_Size02_Remielle_PasSeul_Ani_Gal_Surprise_End,scalar-full-source,1
Avatar_Female_Size02_Remielle_PasSeul_Ani_Gal_Surprise_Loop,scalar-full-source,1
Avatar_Female_Size02_Remielle_PasSeul_Ani_Gal_Surprise_Start,scalar-full-source,1
Avatar_Female_Size02_Remielle_PasSeul_Ani_Gal_Think_End,scalar-full-source,1
Avatar_Female_Size02_Remielle_PasSeul_Ani_Gal_Think_Loop,scalar-full-source,1
Avatar_Female_Size02_Remielle_PasSeul_Ani_Gal_Think_Start,scalar-full-source,1
Avatar_Female_Size02_Remielle_PasSeul_Ani_HitFly_Back,scalar-full-source,1
Avatar_Female_Size02_Remielle_PasSeul_Ani_HitFly_Front,scalar-full-source,1
Avatar_Female_Size02_Remielle_PasSeul_Ani_Hit_H_Back,scalar-full-source,1
Avatar_Female_Size02_Remielle_PasSeul_Ani_Hit_H_Front,scalar-full-source,1
Avatar_Female_Size02_Remielle_PasSeul_Ani_Hit_L_Back,scalar-full-source,1
Avatar_Female_Size02_Remielle_PasSeul_Ani_Hit_L_Front,scalar-full-source,1
Avatar_Female_Size02_Remielle_PasSeul_Ani_Hit_Shake,scalar-full-source,1
Avatar_Female_Size02_Remielle_PasSeul_Ani_Idle_AFK,scalar-full-source,1
Avatar_Female_Size02_Remielle_PasSeul_Ani_Idle_AirState_Back_Loop,scalar-full-source,1
Avatar_Female_Size02_Remielle_PasSeul_Ani_Idle_Loop,scalar-full-source,1
Avatar_Female_Size02_Remielle_PasSeul_Ani_MC_Beach_Idle_Loop,scalar-full-source,1
Avatar_Female_Size02_Remielle_PasSeul_Ani_MC_Beach_Run_End,scalar-full-source,1
Avatar_Female_Size02_Remielle_PasSeul_Ani_MC_Beach_Run_Loop,scalar-full-source,1
Avatar_Female_Size02_Remielle_PasSeul_Ani_MC_Beach_Run_Stop,scalar-full-source,1
Avatar_Female_Size02_Remielle_PasSeul_Ani_MC_Beach_Shake,scalar-full-source,1
Avatar_Female_Size02_Remielle_PasSeul_Ani_MC_Beach_Walk_End_L,scalar-full-source,1
Avatar_Female_Size02_Remielle_PasSeul_Ani_MC_Beach_Walk_End_R,scalar-full-source,1
Avatar_Female_Size02_Remielle_PasSeul_Ani_MC_Beach_Walk_Loop,scalar-full-source,1
Avatar_Female_Size02_Remielle_PasSeul_Ani_MC_Beach_Walk_Start,scalar-full-source,1
Avatar_Female_Size02_Remielle_PasSeul_Ani_MC_Beach_Winning,scalar-full-source,1
Avatar_Female_Size02_Remielle_PasSeul_Ani_MC_Idle_Loop,scalar-full-source,1
Avatar_Female_Size02_Remielle_PasSeul_Ani_MC_RunToWalk,scalar-full-source,1
Avatar_Female_Size02_Remielle_PasSeul_Ani_MC_Run_End_L,scalar-full-source,1
Avatar_Female_Size02_Remielle_PasSeul_Ani_MC_Run_End_R,scalar-full-source,1
Avatar_Female_Size02_Remielle_PasSeul_Ani_MC_Run_Loop,scalar-full-source,1
Avatar_Female_Size02_Remielle_PasSeul_Ani_MC_Run_Start,scalar-full-source,1
Avatar_Female_Size02_Remielle_PasSeul_Ani_MC_Run_Start_End,scalar-full-source,1
Avatar_Female_Size02_Remielle_PasSeul_Ani_MC_Run_TurnBack,scalar-full-source,1
Avatar_Female_Size02_Remielle_PasSeul_Ani_MC_Sprint_Loop,scalar-full-source,1
Avatar_Female_Size02_Remielle_PasSeul_Ani_MC_Stand_Idle01_Loop,scalar-full-source,1
Avatar_Female_Size02_Remielle_PasSeul_Ani_MC_Stand_Photo,scalar-full-source,1
Avatar_Female_Size02_Remielle_PasSeul_Ani_MC_Stand_Think_Loop,scalar-full-source,1
Avatar_Female_Size02_Remielle_PasSeul_Ani_MC_TurnAround_L,scalar-full-source,1
Avatar_Female_Size02_Remielle_PasSeul_Ani_MC_TurnAround_R,scalar-full-source,1
Avatar_Female_Size02_Remielle_PasSeul_Ani_MC_Walk_End_02_L,scalar-full-source,1
Avatar_Female_Size02_Remielle_PasSeul_Ani_MC_Walk_End_02_R,scalar-full-source,1
Avatar_Female_Size02_Remielle_PasSeul_Ani_MC_Walk_End_L,scalar-full-source,1
Avatar_Female_Size02_Remielle_PasSeul_Ani_MC_Walk_End_R,scalar-full-source,1
Avatar_Female_Size02_Remielle_PasSeul_Ani_MC_Walk_Loop,scalar-full-source,1
Avatar_Female_Size02_Remielle_PasSeul_Ani_MC_Walk_Start,scalar-full-source,1
Avatar_Female_Size02_Remielle_PasSeul_Ani_Move_F_AirBack_Loop,scalar-full-source,1
Avatar_Female_Size02_Remielle_PasSeul_Ani_QuestStart,scalar-full-source,1
Avatar_Female_Size02_Remielle_PasSeul_Ani_Run_End,scalar-full-source,1
Avatar_Female_Size02_Remielle_PasSeul_Ani_Run_Loop_01,scalar-full-source,1
Avatar_Female_Size02_Remielle_PasSeul_Ani_Run_Loop_02,scalar-full-source,1
Avatar_Female_Size02_Remielle_PasSeul_Ani_Run_Transform_01,scalar-full-source,1
Avatar_Female_Size02_Remielle_PasSeul_Ani_Run_Transform_02,scalar-full-source,1
Avatar_Female_Size02_Remielle_PasSeul_Ani_Skill01_AirState_Back,scalar-full-source,1
Avatar_Female_Size02_Remielle_PasSeul_Ani_Skill02_AirState_Back,scalar-full-source,1
Avatar_Female_Size02_Remielle_PasSeul_Ani_Skill02_AirState_Front,scalar-full-source,1
Avatar_Female_Size02_Remielle_PasSeul_Ani_Skill03_AirState_Back,scalar-full-source,1
Avatar_Female_Size02_Remielle_PasSeul_Ani_Skill05_AirState_Back,scalar-full-source,1
Avatar_Female_Size02_Remielle_PasSeul_Ani_Start_AirState_Back,scalar-full-source,1
Avatar_Female_Size02_Remielle_PasSeul_Ani_SwitchIn_Attack,scalar-full-source,1
Avatar_Female_Size02_Remielle_PasSeul_Ani_SwitchIn_Attack_End,scalar-full-source,1
Avatar_Female_Size02_Remielle_PasSeul_Ani_SwitchIn_Attack_Ex,scalar-full-source,1
Avatar_Female_Size02_Remielle_PasSeul_Ani_SwitchIn_Attack_Ex_Start,scalar-full-source,1
Avatar_Female_Size02_Remielle_PasSeul_Ani_SwitchIn_Normal,scalar-full-source,1
Avatar_Female_Size02_Remielle_PasSeul_Ani_SwitchOut_AirState_Back,scalar-full-source,1
Avatar_Female_Size02_Remielle_PasSeul_Ani_SwitchOut_Normal,scalar-full-source,1
Avatar_Female_Size02_Remielle_PasSeul_Ani_UI_CharSel_Loop,scalar-full-source,1
Avatar_Female_Size02_Remielle_PasSeul_Ani_UI_CharSel_Start,scalar-full-source,1
Avatar_Female_Size02_Remielle_PasSeul_Ani_UI_Detail,scalar-full-source,1
Avatar_Female_Size02_Remielle_PasSeul_Ani_UI_DtoE,scalar-full-source,1
Avatar_Female_Size02_Remielle_PasSeul_Ani_UI_DtoS1,scalar-full-source,1
Avatar_Female_Size02_Remielle_PasSeul_Ani_UI_Equipment,scalar-full-source,1
Avatar_Female_Size02_Remielle_PasSeul_Ani_UI_EtoD,scalar-full-source,1
Avatar_Female_Size02_Remielle_PasSeul_Ani_UI_EtoS2,scalar-full-source,1
Avatar_Female_Size02_Remielle_PasSeul_Ani_UI_MainPage_01,scalar-full-source,1
Avatar_Female_Size02_Remielle_PasSeul_Ani_UI_S1toD,scalar-full-source,1
Avatar_Female_Size02_Remielle_PasSeul_Ani_UI_S1toE,scalar-full-source,1
Avatar_Female_Size02_Remielle_PasSeul_Ani_UI_S2toD,scalar-full-source,1
Avatar_Female_Size02_Remielle_PasSeul_Ani_UI_S2toE,scalar-full-source,1
Avatar_Female_Size02_Remielle_PasSeul_Ani_UI_Skill_01,scalar-full-source,1
Avatar_Female_Size02_Remielle_PasSeul_Ani_UI_Skill_02,scalar-full-source,1
Avatar_Female_Size02_Remielle_PasSeul_Ani_Walk_End,scalar-full-source,1
Avatar_Female_Size02_Remielle_PasSeul_Ani_Walk_Loop,scalar-full-source,1
Avatar_Female_Size02_Remielle_PasSeul_Ani_Walk_Start,scalar-full-source,1
Avatar_Female_Size02_Remielle_PasSeul_Ani_Walk_Start_End,scalar-full-source,1
Avatar_Female_Size02_Remielle_PasSeul_Ani_Walk_to_Run_01,scalar-full-source,1
Avatar_Female_Size02_Remielle_Ramiel_Ani_Attack_AssaultAid,scalar-full-source,1
Avatar_Female_Size02_Remielle_Ramiel_Ani_Attack_AssaultAid_End,scalar-full-source,1
Avatar_Female_Size02_Remielle_Ramiel_Ani_Attack_Burst_01,scalar-full-source,1
Avatar_Female_Size02_Remielle_Ramiel_Ani_Attack_Burst_01_End,scalar-full-source,1
Avatar_Female_Size02_Remielle_Ramiel_Ani_Attack_Burst_Ex_01,scalar-full-source,1
Avatar_Female_Size02_Remielle_Ramiel_Ani_Attack_Burst_Ex_01_End,scalar-full-source,1
Avatar_Female_Size02_Remielle_Ramiel_Ani_Attack_Burst_Ex_Max01,scalar-full-source,1
Avatar_Female_Size02_Remielle_Ramiel_Ani_Attack_Burst_Ex_Max02,scalar-full-source,1
Avatar_Female_Size02_Remielle_Ramiel_Ani_Attack_Burst_Ex_Max02_End,scalar-full-source,1
Avatar_Female_Size02_Remielle_Ramiel_Ani_Attack_ChangeState,scalar-full-source,1
Avatar_Female_Size02_Remielle_Ramiel_Ani_Attack_ChangeState_02,scalar-full-source,1
Avatar_Female_Size02_Remielle_Ramiel_Ani_Attack_Counter,scalar-full-source,1
Avatar_Female_Size02_Remielle_Ramiel_Ani_Attack_Counter_End,scalar-full-source,1
Avatar_Female_Size02_Remielle_Ramiel_Ani_Attack_ExSpecial,scalar-full-source,1
Avatar_Female_Size02_Remielle_Ramiel_Ani_Attack_ExSpecial_End,scalar-full-source,1
Avatar_Female_Size02_Remielle_Ramiel_Ani_Attack_Normal_01,scalar-full-source,1
Avatar_Female_Size02_Remielle_Ramiel_Ani_Attack_Normal_01_End,scalar-full-source,1
Avatar_Female_Size02_Remielle_Ramiel_Ani_Attack_Normal_02,scalar-full-source,1
Avatar_Female_Size02_Remielle_Ramiel_Ani_Attack_Normal_02_End,scalar-full-source,1
Avatar_Female_Size02_Remielle_Ramiel_Ani_Attack_Normal_03,scalar-full-source,1
Avatar_Female_Size02_Remielle_Ramiel_Ani_Attack_Normal_03_End,scalar-full-source,1
Avatar_Female_Size02_Remielle_Ramiel_Ani_Attack_Normal_04,scalar-full-source,1
Avatar_Female_Size02_Remielle_Ramiel_Ani_Attack_Normal_04_End,scalar-full-source,1
Avatar_Female_Size02_Remielle_Ramiel_Ani_Attack_ParryAid_H,scalar-full-source,1
Avatar_Female_Size02_Remielle_Ramiel_Ani_Attack_ParryAid_H_End,scalar-full-source,1
Avatar_Female_Size02_Remielle_Ramiel_Ani_Attack_ParryAid_L,scalar-full-source,1
Avatar_Female_Size02_Remielle_Ramiel_Ani_Attack_ParryAid_L_End,scalar-full-source,1
Avatar_Female_Size02_Remielle_Ramiel_Ani_Attack_ParryAid_Start,scalar-full-source,1
Avatar_Female_Size02_Remielle_Ramiel_Ani_Attack_Rush,scalar-full-source,1
Avatar_Female_Size02_Remielle_Ramiel_Ani_Attack_Rush_End,scalar-full-source,1
Avatar_Female_Size02_Remielle_Ramiel_Ani_Attack_Special,scalar-full-source,1
Avatar_Female_Size02_Remielle_Ramiel_Ani_Attack_Special_End,scalar-full-source,1
Avatar_Female_Size02_Remielle_Ramiel_Ani_Dash_End,scalar-full-source,1
Avatar_Female_Size02_Remielle_Ramiel_Ani_Dash_Evade,scalar-full-source,1
Avatar_Female_Size02_Remielle_Ramiel_Ani_Dash_Loop,scalar-full-source,1
Avatar_Female_Size02_Remielle_Ramiel_Ani_Dash_Loop_02,scalar-full-source,1
Avatar_Female_Size02_Remielle_Ramiel_Ani_Dash_Start,scalar-full-source,1
Avatar_Female_Size02_Remielle_Ramiel_Ani_Death,scalar-full-source,1
Avatar_Female_Size02_Remielle_Ramiel_Ani_Evade_Back,scalar-full-source,1
Avatar_Female_Size02_Remielle_Ramiel_Ani_Evade_Back_02,scalar-full-source,1
Avatar_Female_Size02_Remielle_Ramiel_Ani_Evade_Front,scalar-full-source,1
Avatar_Female_Size02_Remielle_Ramiel_Ani_Evade_Front_02,scalar-full-source,1
Avatar_Female_Size02_Remielle_Ramiel_Ani_Evade_to_Run_01,scalar-full-source,1
Avatar_Female_Size02_Remielle_Ramiel_Ani_Finish_AirState_Front,scalar-full-source,1
Avatar_Female_Size02_Remielle_Ramiel_Ani_Finish_Ex_AirState,scalar-full-source,1
Avatar_Female_Size02_Remielle_Ramiel_Ani_Finish_Ex_AirState_End,scalar-full-source,1
Avatar_Female_Size02_Remielle_Ramiel_Ani_Finish_Ex_AirState_Start,scalar-full-source,1
Avatar_Female_Size02_Remielle_Ramiel_Ani_Gal_Angry_End,scalar-full-source,1
Avatar_Female_Size02_Remielle_Ramiel_Ani_Gal_Angry_Loop,scalar-full-source,1
Avatar_Female_Size02_Remielle_Ramiel_Ani_Gal_Angry_Start,scalar-full-source,1
Avatar_Female_Size02_Remielle_Ramiel_Ani_Gal_Happy_End,scalar-full-source,1
Avatar_Female_Size02_Remielle_Ramiel_Ani_Gal_Happy_Loop,scalar-full-source,1
Avatar_Female_Size02_Remielle_Ramiel_Ani_Gal_Happy_Start,scalar-full-source,1
Avatar_Female_Size02_Remielle_Ramiel_Ani_Gal_Idle,scalar-full-source,1
Avatar_Female_Size02_Remielle_Ramiel_Ani_Gal_Sad_End,scalar-full-source,1
Avatar_Female_Size02_Remielle_Ramiel_Ani_Gal_Sad_Loop,scalar-full-source,1
Avatar_Female_Size02_Remielle_Ramiel_Ani_Gal_Sad_Start,scalar-full-source,1
Avatar_Female_Size02_Remielle_Ramiel_Ani_Gal_Shy_End,scalar-full-source,1
Avatar_Female_Size02_Remielle_Ramiel_Ani_Gal_Shy_Loop,scalar-full-source,1
Avatar_Female_Size02_Remielle_Ramiel_Ani_Gal_Shy_Start,scalar-full-source,1
Avatar_Female_Size02_Remielle_Ramiel_Ani_Gal_Special_End,scalar-full-source,1
Avatar_Female_Size02_Remielle_Ramiel_Ani_Gal_Special_Loop,scalar-full-source,1
Avatar_Female_Size02_Remielle_Ramiel_Ani_Gal_Special_Start,scalar-full-source,1
Avatar_Female_Size02_Remielle_Ramiel_Ani_Gal_Surprise_End,scalar-full-source,1
Avatar_Female_Size02_Remielle_Ramiel_Ani_Gal_Surprise_Loop,scalar-full-source,1
Avatar_Female_Size02_Remielle_Ramiel_Ani_Gal_Surprise_Start,scalar-full-source,1
Avatar_Female_Size02_Remielle_Ramiel_Ani_Gal_Think_End,scalar-full-source,1
Avatar_Female_Size02_Remielle_Ramiel_Ani_Gal_Think_Loop,scalar-full-source,1
Avatar_Female_Size02_Remielle_Ramiel_Ani_Gal_Think_Start,scalar-full-source,1
Avatar_Female_Size02_Remielle_Ramiel_Ani_HitFly_Back,scalar-full-source,1
Avatar_Female_Size02_Remielle_Ramiel_Ani_HitFly_Front,scalar-full-source,1
Avatar_Female_Size02_Remielle_Ramiel_Ani_Hit_H_Back,scalar-full-source,1
Avatar_Female_Size02_Remielle_Ramiel_Ani_Hit_H_Front,scalar-full-source,1
Avatar_Female_Size02_Remielle_Ramiel_Ani_Hit_L_Back,scalar-full-source,1
Avatar_Female_Size02_Remielle_Ramiel_Ani_Hit_L_Front,scalar-full-source,1
Avatar_Female_Size02_Remielle_Ramiel_Ani_Hit_Shake,scalar-full-source,1
Avatar_Female_Size02_Remielle_Ramiel_Ani_Idle_AFK,scalar-full-source,1
Avatar_Female_Size02_Remielle_Ramiel_Ani_Idle_AirState_Back_Loop,scalar-full-source,1
Avatar_Female_Size02_Remielle_Ramiel_Ani_Idle_Loop,scalar-full-source,1
Avatar_Female_Size02_Remielle_Ramiel_Ani_MC_Idle_Loop,scalar-full-source,1
Avatar_Female_Size02_Remielle_Ramiel_Ani_MC_Pose01,scalar-full-source,1
Avatar_Female_Size02_Remielle_Ramiel_Ani_MC_RunToWalk,scalar-full-source,1
Avatar_Female_Size02_Remielle_Ramiel_Ani_MC_Run_End_L,scalar-full-source,1
Avatar_Female_Size02_Remielle_Ramiel_Ani_MC_Run_End_R,scalar-full-source,1
Avatar_Female_Size02_Remielle_Ramiel_Ani_MC_Run_Loop,scalar-full-source,1
Avatar_Female_Size02_Remielle_Ramiel_Ani_MC_Run_Start,scalar-full-source,1
Avatar_Female_Size02_Remielle_Ramiel_Ani_MC_Run_Start_End,scalar-full-source,1
Avatar_Female_Size02_Remielle_Ramiel_Ani_MC_Run_TurnBack,scalar-full-source,1
Avatar_Female_Size02_Remielle_Ramiel_Ani_MC_Sprint_Loop,scalar-full-source,1
Avatar_Female_Size02_Remielle_Ramiel_Ani_MC_Stand_Idle01_Loop,scalar-full-source,1
Avatar_Female_Size02_Remielle_Ramiel_Ani_MC_Stand_Photo,scalar-full-source,1
Avatar_Female_Size02_Remielle_Ramiel_Ani_MC_Stand_Think_Loop,scalar-full-source,1
Avatar_Female_Size02_Remielle_Ramiel_Ani_MC_TurnAround_L,scalar-full-source,1
Avatar_Female_Size02_Remielle_Ramiel_Ani_MC_TurnAround_R,scalar-full-source,1
Avatar_Female_Size02_Remielle_Ramiel_Ani_MC_Walk_End_02_L,scalar-full-source,1
Avatar_Female_Size02_Remielle_Ramiel_Ani_MC_Walk_End_02_R,scalar-full-source,1
Avatar_Female_Size02_Remielle_Ramiel_Ani_MC_Walk_End_L,scalar-full-source,1
Avatar_Female_Size02_Remielle_Ramiel_Ani_MC_Walk_End_R,scalar-full-source,1
Avatar_Female_Size02_Remielle_Ramiel_Ani_MC_Walk_Loop,scalar-full-source,1
Avatar_Female_Size02_Remielle_Ramiel_Ani_MC_Walk_Start,scalar-full-source,1
Avatar_Female_Size02_Remielle_Ramiel_Ani_Move_F_AirBack_Loop,scalar-full-source,1
Avatar_Female_Size02_Remielle_Ramiel_Ani_QuestStart,scalar-full-source,1
Avatar_Female_Size02_Remielle_Ramiel_Ani_Run_End,scalar-full-source,1
Avatar_Female_Size02_Remielle_Ramiel_Ani_Run_Loop_01,scalar-full-source,1
Avatar_Female_Size02_Remielle_Ramiel_Ani_Run_Loop_02,scalar-full-source,1
Avatar_Female_Size02_Remielle_Ramiel_Ani_Run_Transform_01,scalar-full-source,1
Avatar_Female_Size02_Remielle_Ramiel_Ani_Run_Transform_02,scalar-full-source,1
Avatar_Female_Size02_Remielle_Ramiel_Ani_Skill01_AirState_Back,scalar-full-source,1
Avatar_Female_Size02_Remielle_Ramiel_Ani_Skill02_AirState_Back,scalar-full-source,1
Avatar_Female_Size02_Remielle_Ramiel_Ani_Skill02_AirState_Front,scalar-full-source,1
Avatar_Female_Size02_Remielle_Ramiel_Ani_Skill03_AirState_Back,scalar-full-source,1
Avatar_Female_Size02_Remielle_Ramiel_Ani_Skill05_AirState_Back,scalar-full-source,1
Avatar_Female_Size02_Remielle_Ramiel_Ani_Start_AirState_Back,scalar-full-source,1
Avatar_Female_Size02_Remielle_Ramiel_Ani_SwitchIn_Attack,scalar-full-source,1
Avatar_Female_Size02_Remielle_Ramiel_Ani_SwitchIn_Attack_End,scalar-full-source,1
Avatar_Female_Size02_Remielle_Ramiel_Ani_SwitchIn_Attack_Ex,scalar-full-source,1
Avatar_Female_Size02_Remielle_Ramiel_Ani_SwitchIn_Attack_Ex_Start,scalar-full-source,1
Avatar_Female_Size02_Remielle_Ramiel_Ani_SwitchIn_Normal,scalar-full-source,1
Avatar_Female_Size02_Remielle_Ramiel_Ani_SwitchOut_AirState_Back,scalar-full-source,1
Avatar_Female_Size02_Remielle_Ramiel_Ani_SwitchOut_Normal,scalar-full-source,1
Avatar_Female_Size02_Remielle_Ramiel_Ani_UI_CharSel_Loop,scalar-full-source,1
Avatar_Female_Size02_Remielle_Ramiel_Ani_UI_CharSel_Start,scalar-full-source,1
Avatar_Female_Size02_Remielle_Ramiel_Ani_UI_Detail,scalar-full-source,1
Avatar_Female_Size02_Remielle_Ramiel_Ani_UI_DtoE,scalar-full-source,1
Avatar_Female_Size02_Remielle_Ramiel_Ani_UI_DtoS1,scalar-full-source,1
Avatar_Female_Size02_Remielle_Ramiel_Ani_UI_Equipment,scalar-full-source,1
Avatar_Female_Size02_Remielle_Ramiel_Ani_UI_EtoD,scalar-full-source,1
Avatar_Female_Size02_Remielle_Ramiel_Ani_UI_EtoS2,scalar-full-source,1
Avatar_Female_Size02_Remielle_Ramiel_Ani_UI_MainPage_01,scalar-full-source,1
Avatar_Female_Size02_Remielle_Ramiel_Ani_UI_S1toD,scalar-full-source,1
Avatar_Female_Size02_Remielle_Ramiel_Ani_UI_S1toE,scalar-full-source,1
Avatar_Female_Size02_Remielle_Ramiel_Ani_UI_S2toD,scalar-full-source,1
Avatar_Female_Size02_Remielle_Ramiel_Ani_UI_S2toE,scalar-full-source,1
Avatar_Female_Size02_Remielle_Ramiel_Ani_UI_Skill_01,scalar-full-source,1
Avatar_Female_Size02_Remielle_Ramiel_Ani_UI_Skill_02,scalar-full-source,1
Avatar_Female_Size02_Remielle_Ramiel_Ani_Walk_End,scalar-full-source,1
Avatar_Female_Size02_Remielle_Ramiel_Ani_Walk_Loop,scalar-full-source,1
Avatar_Female_Size02_Remielle_Ramiel_Ani_Walk_Start,scalar-full-source,1
Avatar_Female_Size02_Remielle_Ramiel_Ani_Walk_Start_End,scalar-full-source,1
Avatar_Female_Size02_Remielle_Ramiel_Ani_Walk_to_Run_01,scalar-full-source,1
Eff_RemielleOrigin_AirCombat_Parry_F_Start_01_Trail,scalar-full-source|standalone-native,2
Eff_RemielleOrigin_Attack_AirState_Front_01_Trail,scalar-full-source|standalone-native,2
Eff_RemielleOrigin_Attack_AssaultAid_01_Trail,scalar-full-source|standalone-native,2
Eff_RemielleOrigin_Attack_AssaultAid_02_Trail,scalar-full-source|standalone-native,2
Eff_RemielleOrigin_Attack_Burst_01_01_Trail,scalar-full-source|standalone-native,2
Eff_RemielleOrigin_Attack_Burst_01_02_Trail,scalar-full-source|standalone-native,2
Eff_RemielleOrigin_Attack_Burst_01_03_Trail,scalar-full-source|standalone-native,2
Eff_RemielleOrigin_Attack_Burst_Ex_01_03_Trail,scalar-full-source|standalone-native,2
Eff_RemielleOrigin_Attack_Burst_Ex_01_05_Trail,scalar-full-source|standalone-native,2
Eff_RemielleOrigin_Attack_Burst_Ex_02_01_Trail,scalar-full-source|standalone-native,2
Eff_RemielleOrigin_Attack_Burst_Ex_02_11_Trail,scalar-full-source|standalone-native,2
Eff_RemielleOrigin_Attack_Burst_Ex_Max_01_03_Trail,scalar-full-source|standalone-native,2
Eff_RemielleOrigin_Attack_Burst_Ex_Max_01_04_Trail,scalar-full-source|standalone-native,2
Eff_RemielleOrigin_Attack_Burst_Ex_Max_01_08_Trail,scalar-full-source|standalone-native,2
Eff_RemielleOrigin_Attack_Burst_Ex_Max_01_09_Light,scalar-full-source|standalone-native,2
Eff_RemielleOrigin_Attack_Burst_Ex_Max_01_10_Trail,scalar-full-source|standalone-native,2
Eff_RemielleOrigin_Attack_Counter_01_Trail,scalar-full-source|standalone-native,2
Eff_RemielleOrigin_Attack_EXQTE_01_Glow,scalar-full-source|standalone-native,2
Eff_RemielleOrigin_Attack_EXQTE_08_Glow,scalar-full-source|standalone-native,2
Eff_RemielleOrigin_Attack_ExQTE_08_Trail,scalar-full-source|standalone-native,2
Eff_RemielleOrigin_Attack_ExQTE_09_Trail,scalar-full-source|standalone-native,2
Eff_RemielleOrigin_Attack_ExQTE_14_Trail,scalar-full-source|standalone-native,2
Eff_RemielleOrigin_Attack_ExQTE_15_Trail,scalar-full-source|standalone-native,2
Eff_RemielleOrigin_Attack_ExQTE_30_Trail,scalar-full-source|standalone-native,2
Eff_RemielleOrigin_Attack_ExQTE_32_Trail,scalar-full-source|standalone-native,2
Eff_RemielleOrigin_Attack_ExQTE_38_Trail,scalar-full-source|standalone-native,2
Eff_RemielleOrigin_Attack_ExQTE_Start_01_Aura,scalar-full-source|standalone-native,2
Eff_RemielleOrigin_Attack_ExQTE_Start_02_Aura,scalar-full-source|standalone-native,2
Eff_RemielleOrigin_Attack_ExQTE_Start_22_Aura,scalar-full-source|standalone-native,2
Eff_RemielleOrigin_Attack_ExQTE_Start_24_Aura,scalar-full-source|standalone-native,2
Eff_RemielleOrigin_Attack_ExQTE_Start_32_Trail,scalar-full-source|standalone-native,2
Eff_RemielleOrigin_Attack_ExQTE_Start_33_Trail,scalar-full-source|standalone-native,2
Eff_RemielleOrigin_Attack_ExQTE_Start_34_Flash,scalar-full-source|standalone-native,2
Eff_RemielleOrigin_Attack_ExQTE_Start_36_Wind,scalar-full-source|standalone-native,2
Eff_RemielleOrigin_Attack_ExQTE_Start_39_Wind,scalar-full-source|standalone-native,2
Eff_RemielleOrigin_Attack_ExQTE_Start_40_Wind,scalar-full-source|standalone-native,2
Eff_RemielleOrigin_Attack_ExQTE_Start_41_Wind,scalar-full-source|standalone-native,2
Eff_RemielleOrigin_Attack_ExQTE_Start_43_Line,scalar-full-source|standalone-native,2
Eff_RemielleOrigin_Attack_ExSpecial_07_Trail,scalar-full-source|standalone-native,2
Eff_RemielleOrigin_Attack_ExSpecial_10_Trail,scalar-full-source|standalone-native,2
Eff_RemielleOrigin_Attack_ExSpecial_23_Trail,scalar-full-source|standalone-native,2
Eff_RemielleOrigin_Attack_ExSpecial_24_Trail,scalar-full-source|standalone-native,2
Eff_RemielleOrigin_Attack_ExSpecial_33_Dust,scalar-full-source|standalone-native,2
Eff_RemielleOrigin_Attack_Normal_01_01_Trail,scalar-full-source|standalone-native,2
Eff_RemielleOrigin_Attack_Normal_01_02_Trail,scalar-full-source|standalone-native,2
Eff_RemielleOrigin_Attack_Normal_02_01_Trail,scalar-full-source|standalone-native,2
Eff_RemielleOrigin_Attack_Normal_03_01_Trail,scalar-full-source|standalone-native,2
Eff_RemielleOrigin_Attack_Normal_03_02_Trail,scalar-full-source|standalone-native,2
Eff_RemielleOrigin_Attack_Normal_04_01_Trail,scalar-full-source|standalone-native,2
Eff_RemielleOrigin_Attack_Normal_04_02_Trail,scalar-full-source|standalone-native,2
Eff_RemielleOrigin_Attack_Normal_04_04_Trail,scalar-full-source|standalone-native,2
Eff_RemielleOrigin_Attack_Normal_04_08_Trail,scalar-full-source|standalone-native,2
Eff_RemielleOrigin_Attack_Normal_04_09_Trail,scalar-full-source|standalone-native,2
Eff_RemielleOrigin_Attack_Normal_04_10_Trail,scalar-full-source|standalone-native,2
Eff_RemielleOrigin_Attack_Normal_04_11_Trail,scalar-full-source|standalone-native,2
Eff_RemielleOrigin_Attack_Normal_04_12_Trail,scalar-full-source|standalone-native,2
Eff_RemielleOrigin_Attack_Normal_04_13_Trail,scalar-full-source|standalone-native,2
Eff_RemielleOrigin_Attack_Normal_04_14_Trail,scalar-full-source|standalone-native,2
Eff_RemielleOrigin_Attack_Normal_04_20_Trail,scalar-full-source|standalone-native,2
Eff_RemielleOrigin_Attack_Normal_04_21_Trail,scalar-full-source|standalone-native,2
Eff_RemielleOrigin_Attack_QTE_17_Trail,scalar-full-source|standalone-native,2
Eff_RemielleOrigin_Attack_QTE_27_Trail,scalar-full-source|standalone-native,2
Eff_RemielleOrigin_Attack_QTE_28_Trail,scalar-full-source|standalone-native,2
Eff_RemielleOrigin_Attack_QTE_29_Trail,scalar-full-source|standalone-native,2
Eff_RemielleOrigin_Attack_QTE_33_Trail,scalar-full-source|standalone-native,2
Eff_RemielleOrigin_Attack_QTE_41_Trail,scalar-full-source|standalone-native,2
Eff_RemielleOrigin_Attack_Rush_01_Trail,scalar-full-source|standalone-native,2
Eff_RemielleOrigin_Common_11_Distor,scalar-full-source|standalone-native,2
Eff_RemielleOrigin_Common_68_Light,scalar-full-source|standalone-native,2
Eff_RemielleOrigin_DtoS1_01_Feather,scalar-full-source|standalone-native,2
Eff_RemielleOrigin_DtoS1_02_Flare,scalar-full-source|standalone-native,2
Eff_RemielleOrigin_Finish_AirState_Front_04_Trail,scalar-full-source|standalone-native,2
Eff_RemielleOrigin_Finish_AirState_Front_05_Trail,scalar-full-source|standalone-native,2
Eff_RemielleOrigin_Finish_AirState_Front_09_Trail,scalar-full-source|standalone-native,2
Eff_RemielleOrigin_Finish_Ex_AirState_Back_03_Trail,scalar-full-source|standalone-native,2
Eff_RemielleOrigin_Finish_Ex_AirState_Back_04_Trail,scalar-full-source|standalone-native,2
Eff_RemielleOrigin_Finish_Ex_AirState_Back_13_Trail,scalar-full-source|standalone-native,2
Eff_RemielleOrigin_Finish_Ex_AirState_Back_Start_07_Glow,scalar-full-source|standalone-native,2
Eff_RemielleOrigin_Finish_Ex_AirState_Back_Start_09_Glow,scalar-full-source|standalone-native,2
Eff_RemielleOrigin_Finish_Ex_AirState_Back_Start_10_Glow,scalar-full-source|standalone-native,2
Eff_RemielleOrigin_Finish_Ex_AirState_Back_Start_11_Glow,scalar-full-source|standalone-native,2
Eff_RemielleOrigin_Finish_Ex_AirState_Back_Start_12_Glow,scalar-full-source|standalone-native,2
Eff_RemielleOrigin_Finish_Ex_AirState_Back_Start_13_Glow,scalar-full-source|standalone-native,2
Eff_RemielleOrigin_Finish_Ex_AirState_Back_Start_23_Glow,scalar-full-source|standalone-native,2
Eff_RemielleOrigin_Finish_Ex_AirState_Back_Start_25_Glow,scalar-full-source|standalone-native,2
Eff_RemielleOrigin_Finish_Ex_AirState_Back_Start_26_Glow,scalar-full-source|standalone-native,2
Eff_RemielleOrigin_Finish_Ex_AirState_Back_Start_27_Glow,scalar-full-source|standalone-native,2
Eff_RemielleOrigin_Finish_Ex_AirState_Back_Start_28_Glow,scalar-full-source|standalone-native,2
Eff_RemielleOrigin_Finish_Ex_AirState_Back_Start_29_Glow,scalar-full-source|standalone-native,2
Eff_RemielleOrigin_Finish_Ex_AirState_Back_Start_32_Glow,scalar-full-source|standalone-native,2
Eff_RemielleOrigin_Finish_Ex_AirState_Back_Start_33_Glow,scalar-full-source|standalone-native,2
Eff_RemielleOrigin_Finish_Ex_AirState_Back_Start_34_Glow,scalar-full-source|standalone-native,2
Eff_RemielleOrigin_Finish_Ex_AirState_Back_Start_38_Glow,scalar-full-source|standalone-native,2
Eff_RemielleOrigin_Gacha_Start_10_Trail,scalar-full-source|standalone-native,2
Eff_RemielleOrigin_Gacha_Start_12_Trail,scalar-full-source|standalone-native,2
Eff_RemielleOrigin_Gacha_Start_13_Trail,scalar-full-source|standalone-native,2
Eff_RemielleOrigin_S1toD_01_Feather,scalar-full-source|standalone-native,2
Eff_RemielleOrigin_S1toD_02_Flare,scalar-full-source|standalone-native,2
Eff_RemielleOrigin_S1toE_01_Feather,scalar-full-source|standalone-native,2
Eff_RemielleOrigin_S1toE_02_Flare,scalar-full-source|standalone-native,2
Eff_RemielleOrigin_Skill01_AirState_Front_01_Trail,scalar-full-source|standalone-native,2
Eff_RemielleOrigin_Skill01_AirState_Front_03_Trail,scalar-full-source|standalone-native,2
Eff_RemielleOrigin_Skill02_AirState_Back_05_Trail,scalar-full-source|standalone-native,2
Eff_RemielleOrigin_Skill02_AirState_Front_06_Weapon,scalar-full-source|standalone-native,2
Eff_RemielleOrigin_Skill02_AirState_Front_07_Trail,scalar-full-source|standalone-native,2
Eff_RemielleOrigin_Skill03_AirState_Front_01_Trail,scalar-full-source|standalone-native,2
Eff_RemielleOrigin_Skill04_AirState_Back_03_Trail,scalar-full-source|standalone-native,2
Eff_RemielleOrigin_Skill04_AirState_Back_05_Flash,scalar-full-source|standalone-native,2
Eff_RemielleOrigin_Skill04_AirState_Front_01_Trail,scalar-full-source|standalone-native,2
Eff_RemielleOrigin_Skill05_AirState_Back_06_Flash,scalar-full-source|standalone-native,2
Eff_RemielleOrigin_Skill05_AirState_Back_27_Trail,scalar-full-source|standalone-native,2
Eff_RemielleOrigin_Skill_01_01_Feather,scalar-full-source|standalone-native,2
Eff_RemielleOrigin_Skill_01_02_Flare,scalar-full-source|standalone-native,2
Eff_RemielleOrigin_SwitchIn_Attack_Ex_Start_02_Glow,scalar-full-source|standalone-native,2
Eff_RemielleOrigin_SwitchIn_Attack_Ex_Start_03_Glow,scalar-full-source|standalone-native,2
Eff_RemielleOrigin_SwitchIn_Attack_Ex_Start_13_Glow,scalar-full-source|standalone-native,2
Eff_RemielleOrigin_SwitchIn_Attack_Ex_Start_23_Aura,scalar-full-source|standalone-native,2
RemielleMovePath_R1,scalar-full-source|standalone-native,2
RemielleMovePath_R2,scalar-full-source|standalone-native,2
RemiellePanelChange,scalar-full-source|standalone-native,2
RemiellePanelColor1FadeIn,scalar-full-source|standalone-native,2
RemiellePanelColor1FadeOut,scalar-full-source|standalone-native,2
RemiellePanelColor1Loop,scalar-full-source|standalone-native,2
RemiellePanelProgressLightLoop,scalar-full-source|standalone-native,2
RemiellePanelWingFadeIn,scalar-full-source|standalone-native,2
RemiellePanelWingFadeOut,scalar-full-source|standalone-native,2
RemiellePanelWingLoop,scalar-full-source|standalone-native,2
TL_C30_ZiplineChasing_01_SC010_Avatar_MaxRemielleOriginCS,scalar-full-source|standalone-native,2
TL_C30_ZiplineChasing_03_SC010_Avatar_MaxRemielleOriginCS,scalar-full-source|standalone-native,2
TL_C30_ZiplineChasing_04_SC010_Avatar_MaxRemielleOriginCS,scalar-full-source|standalone-native,2
TL_C30_ZiplineChasing_05_SC010_Avatar_MaxRemielleOriginCS,scalar-full-source|standalone-native,2
TL_C31_05_SC010_Avatar_Remielle,scalar-full-source,1
TL_C31_SummerTideTreasure_01_Avatar_Remielle,scalar-full-source,1
acl-database-bulk,scalar-full-source,436
animation_recovery_report,highest-quality,1
manifest.ndjson,scalar-full-source|standalone-native,2
native-object,scalar-full-source,600
standalone_recovery_report,standalone-native,1
streaming-info,scalar-full-source,436
