source_id,cab,file,size
,,mesh_recovery_report.json,355876
1026692235,1026692235.blk_export,Remielle_PasSeul_Body_1_LOD1.glb,1310376
1026692235,1026692235.blk_export,Remielle_Ramiel_Body_1.glb,2431520
1026692235,1026692235.blk_export,Remielle_PasSeul_Body_1_LOD2.glb,781740
1026692235,1026692235.blk_export,Remielle_PasSeul_Body_2_LOD2.glb,510204
1026692235,1026692235.blk_export,Remielle_PasSeul_Body_2.glb,1268340
1026692235,1026692235.blk_export,Remielle_PasSeul_Body_2_LOD1.glb,837404
1142011360,1142011360.blk_export,Remielle_Feather_FX_004.glb,12920
1142011360,1142011360.blk_export,Remielle_Feather_FX_004.glb,12920
1436584839,1436584839.blk_export,Remielle_Cannon_L_01.glb,24148
1436584839,1436584839.blk_export,Remielle_Cannon_L_02.glb,24168
1436584839,1436584839.blk_export,Remielle_Cannon_L_03.glb,24168
1436584839,1436584839.blk_export,Remielle_Cannon_L_04.glb,24176
1436584839,1436584839.blk_export,Remielle_Cannon_R_01.glb,24152
1436584839,1436584839.blk_export,Remielle_Cannon_R_02.glb,24164
1436584839,1436584839.blk_export,Remielle_Cannon_R_03.glb,24168
1436584839,1436584839.blk_export,Remielle_Cannon_R_04.glb,24168
1436584839,1436584839.blk_export,Remielle_Eyebrow.glb,9708
1436584839,1436584839.blk_export,Remielle_Face.glb,334772
1436584839,1436584839.blk_export,Remielle_Floater_02.glb,171840
1436584839,1436584839.blk_export,Remielle_Hair.glb,702840
1436584839,1436584839.blk_export,Remielle_Origin_Body_1.glb,1768828
1436584839,1436584839.blk_export,Remielle_Origin_Body_2.glb,1223504
1436584839,1436584839.blk_export,Remielle_Ramiel_Mask.glb,42964
1436584839,1436584839.blk_export,Remielle_Sticker_01.glb,55156
1436584839,1436584839.blk_export,Remielle_Sticker_02_L.glb,3976
1436584839,1436584839.blk_export,Remielle_Sticker_02_R.glb,3964
1436584839,1436584839.blk_export,Remielle_Weapon_01.glb,1640840
1436584839,1436584839.blk_export,Remielle_Weapon_02_L.glb,32768
1436584839,1436584839.blk_export,Remielle_Weapon_02_R.glb,31232
1436584839,1436584839.blk_export,Remielle_Weapon_03_L.glb,18256
1436584839,1436584839.blk_export,Remielle_Weapon_03_R.glb,18252
1436584839,1436584839.blk_export,Remielle_Weapon_04.glb,14704
1436584839,1436584839.blk_export,Remielle_Weapon_05_L.glb,31416
1436584839,1436584839.blk_export,Remielle_Weapon_05_R.glb,29820
1436584839,1436584839.blk_export,Remielle_Wings.glb,429272
1684021637,1684021637.blk_export,Remielle_FaceMask.glb,40400
1838112281,1838112281.blk_export,Remielle_Origin_WeaponCrateCS_01.glb,374160
1838112281,1838112281.blk_export,Remielle_Origin_WeaponCrateCS_02.glb,74000
1838112281,1838112281.blk_export,Remielle_Origin_WeaponCrateCS_03.glb,94452
1838112281,1838112281.blk_export,Remielle_Origin_WeaponCrateCS_04.glb,1791896
1846016037,1846016037.blk_export,Remielle_Eyebrow.glb,11708
1846016037,1846016037.blk_export,Remielle_Face.glb,274816
1873273914,1873273914.blk_export,Remielle_Feather_FX_004.glb,18236
1986759335,1986759335.blk_export,Remielle_Ramiel_Mask.glb,40416
1986759335,1986759335.blk_export,Remielle_Ramiel_Body_1_LOD1.glb,1769416
1986759335,1986759335.blk_export,Remielle_Ramiel_Body_2.glb,449896
1986759335,1986759335.blk_export,Remielle_Ramiel_Body_2_LOD2.glb,170920
1986759335,1986759335.blk_export,Remielle_Ramiel_Body_2_LOD1.glb,279776
1986759335,1986759335.blk_export,Remielle_Ramiel_Mask_LOD2.glb,21496
1986759335,1986759335.blk_export,Remielle_Ramiel_Body_1_LOD2.glb,1076924
1986759335,1986759335.blk_export,Remielle_Ramiel_Mask_LOD1.glb,31148
2352393242,2352393242.blk_export,Remielle_Ramiel_Mask.glb,40416
2352393242,2352393242.blk_export,Remielle_Ramiel_Body_2.glb,449900
2364458862,2364458862.blk_export,Remielle_Eyebrow.glb,25892
2364458862,2364458862.blk_export,Remielle_Face.glb,1740296
2583518027,2583518027.blk_export,Remielle_Cannon_R_04_LOD1.glb,23896
2583518027,2583518027.blk_export,Remielle_Cannon_L_04.glb,33484
2583518027,2583518027.blk_export,Remielle_Floater_02_LOD2.glb,89252
2583518027,2583518027.blk_export,Remielle_Cannon_L_01_LOD2.glb,14220
2583518027,2583518027.blk_export,Remielle_Eyebrow_LOD2.glb,8040
2583518027,2583518027.blk_export,Remielle_Face.glb,1350572
2583518027,2583518027.blk_export,Remielle_Cannon_L_02_LOD2.glb,14236
2583518027,2583518027.blk_export,Remielle_Eyebrow.glb,31572
2583518027,2583518027.blk_export,Remielle_Cannon_R_04_LOD2.glb,14236
2583518027,2583518027.blk_export,Remielle_Cannon_L_02_LOD1.glb,23892
2583518027,2583518027.blk_export,Remielle_Face_LOD2.glb,86620
2583518027,2583518027.blk_export,Remielle_Cannon_R_04.glb,33480
2583518027,2583518027.blk_export,Remielle_Cannon_R_03_LOD2.glb,14232
2583518027,2583518027.blk_export,Remielle_Cannon_R_01_LOD1.glb,23876
2583518027,2583518027.blk_export,Remielle_Cannon_R_02_LOD1.glb,23888
2583518027,2583518027.blk_export,Remielle_Cannon_R_01.glb,33460
2583518027,2583518027.blk_export,Remielle_Cannon_L_01_LOD1.glb,23876
2583518027,2583518027.blk_export,Remielle_Floater_02.glb,243196
2583518027,2583518027.blk_export,Remielle_Hair.glb,835396
2583518027,2583518027.blk_export,Remielle_Cannon_R_03_LOD1.glb,23888
2583518027,2583518027.blk_export,Remielle_Cannon_L_01.glb,33460
2583518027,2583518027.blk_export,Remielle_Eyebrow_LOD1.glb,9388
2583518027,2583518027.blk_export,Remielle_Face_LOD1.glb,295208
2583518027,2583518027.blk_export,Remielle_Cannon_L_04_LOD1.glb,23900
2583518027,2583518027.blk_export,Remielle_Cannon_R_01_LOD2.glb,14216
2583518027,2583518027.blk_export,Remielle_Floater_02_LOD1.glb,166376
2583518027,2583518027.blk_export,Remielle_Cannon_L_03.glb,33480
2583518027,2583518027.blk_export,Remielle_Cannon_R_02_LOD2.glb,14232
2583518027,2583518027.blk_export,Remielle_Cannon_L_03_LOD1.glb,23888
2583518027,2583518027.blk_export,Remielle_Cannon_L_04_LOD2.glb,14244
2583518027,2583518027.blk_export,Remielle_Cannon_L_03_LOD2.glb,14232
2583518027,2583518027.blk_export,Remielle_Cannon_R_02.glb,33476
2583518027,2583518027.blk_export,Remielle_Cannon_R_03.glb,33476
2583518027,2583518027.blk_export,Remielle_Cannon_L_02.glb,33480
261957958,261957958.blk_export,Remielle_HairShadow.glb,242156
261957958,261957958.blk_export,Remielle_Origin_Body_1.glb,1880700
261957958,261957958.blk_export,Remielle_Origin_Body_1_LOD1.glb,1409524
261957958,261957958.blk_export,Remielle_Hair_LOD2.glb,389252
261957958,261957958.blk_export,Remielle_Origin_Body_1_LOD2.glb,894484
261957958,261957958.blk_export,Remielle_Hair_LOD1.glb,621924
261957958,261957958.blk_export,Remielle_Origin_Body_2.glb,1704564
3094050808,3094050808.blk_export,Remielle_Eyebrow.glb,11712
3094050808,3094050808.blk_export,Remielle_Face.glb,274824
3325839570,3325839570.blk_export,Remielle_Eyebrow.glb,25888
3325839570,3325839570.blk_export,Remielle_Face.glb,1740300
3325839570,3325839570.blk_export,Remielle_Eyebrow.glb,25892
3325839570,3325839570.blk_export,Remielle_Face.glb,1740308
3400898960,3400898960.blk_export,Remielle_Weapon_02_R.glb,39012
3400898960,3400898960.blk_export,Remielle_Sticker_02_R_LOD2.glb,4372
3400898960,3400898960.blk_export,Remielle_Wings_LOD2.glb,212164
3400898960,3400898960.blk_export,Remielle_Wings_LOD1.glb,380396
3400898960,3400898960.blk_export,Remielle_Sticker_01_LOD2.glb,59024
3400898960,3400898960.blk_export,Remielle_Weapon_02_R_LOD1.glb,30832
3400898960,3400898960.blk_export,Remielle_Weapon_02_L.glb,40776
3400898960,3400898960.blk_export,Remielle_Weapon_04_LOD2.glb,12456
3400898960,3400898960.blk_export,Remielle_Weapon_05_L_LOD2.glb,20140
3400898960,3400898960.blk_export,Remielle_Weapon_02_L_LOD2.glb,21212
3400898960,3400898960.blk_export,Remielle_Sticker_02_R.glb,4348
3400898960,3400898960.blk_export,Remielle_Sticker_02_L_LOD1.glb,4380
3400898960,3400898960.blk_export,Remielle_Weapon_03_R.glb,22872
3400898960,3400898960.blk_export,Remielle_Weapon_02_R_LOD2.glb,22156
3400898960,3400898960.blk_export,Remielle_Sticker_01.glb,67256
3400898960,3400898960.blk_export,Remielle_Weapon_01_LOD2.glb,500304
3400898960,3400898960.blk_export,Remielle_Weapon_01_LOD1.glb,826480
3400898960,3400898960.blk_export,Remielle_Weapon_03_L.glb,22876
3400898960,3400898960.blk_export,Remielle_Sticker_02_L_LOD2.glb,4380
3400898960,3400898960.blk_export,Remielle_Weapon_05_R_LOD2.glb,20884
3400898960,3400898960.blk_export,Remielle_Weapon_01.glb,1139120
3400898960,3400898960.blk_export,Remielle_Weapon_03_L_LOD1.glb,17584
3400898960,3400898960.blk_export,Remielle_Weapon_04_LOD1.glb,16488
3400898960,3400898960.blk_export,Remielle_Sticker_02_L.glb,4352
3400898960,3400898960.blk_export,Remielle_Weapon_05_L_LOD1.glb,29092
3400898960,3400898960.blk_export,Remielle_Weapon_02_L_LOD1.glb,30368
3400898960,3400898960.blk_export,Remielle_Weapon_05_R_LOD1.glb,29564
3400898960,3400898960.blk_export,Remielle_Weapon_03_R_LOD1.glb,17580
3400898960,3400898960.blk_export,Remielle_Origin_Body_2_LOD2.glb,599896
3400898960,3400898960.blk_export,Remielle_Weapon_04.glb,20084
3400898960,3400898960.blk_export,Remielle_Weapon_03_L_LOD2.glb,13124
3400898960,3400898960.blk_export,Remielle_PasSeul_Body_1.glb,2034556
3400898960,3400898960.blk_export,Remielle_Origin_Body_2_LOD1.glb,1075376
3400898960,3400898960.blk_export,Remielle_Wings.glb,602816
3400898960,3400898960.blk_export,Remielle_Sticker_01_LOD1.glb,62128
3400898960,3400898960.blk_export,Remielle_Weapon_05_L.glb,39200
3400898960,3400898960.blk_export,Remielle_Weapon_05_R.glb,37344
3400898960,3400898960.blk_export,Remielle_Sticker_02_R_LOD1.glb,4372
3400898960,3400898960.blk_export,Remielle_Weapon_03_R_LOD2.glb,13120
3684114180,3684114180.blk_export,Remielle_Feather_FX_04.glb,12864
3684114180,3684114180.blk_export,Remielle_Feather_FX_03.glb,12864
3897234846,3897234846.blk_export,Remielle_Floater_02.glb,189724
4132213415,4132213415.blk_export,Remielle_Cannon_L_01.glb,24152
4132213415,4132213415.blk_export,Remielle_Cannon_L_02.glb,24164
4132213415,4132213415.blk_export,Remielle_Cannon_L_03.glb,24168
4132213415,4132213415.blk_export,Remielle_Cannon_L_04.glb,24172
4132213415,4132213415.blk_export,Remielle_Cannon_R_01.glb,24152
4132213415,4132213415.blk_export,Remielle_Cannon_R_02.glb,24168
4132213415,4132213415.blk_export,Remielle_Cannon_R_03.glb,24164
4132213415,4132213415.blk_export,Remielle_Cannon_R_04.glb,24168
4132213415,4132213415.blk_export,Remielle_Eyebrow.glb,9708
4132213415,4132213415.blk_export,Remielle_Face.glb,334776
4132213415,4132213415.blk_export,Remielle_Floater_02.glb,171840
4132213415,4132213415.blk_export,Remielle_Hair.glb,702784
4132213415,4132213415.blk_export,Remielle_Origin_Body_1.glb,1768776
4132213415,4132213415.blk_export,Remielle_Origin_Body_2.glb,1223488
4132213415,4132213415.blk_export,Remielle_Ramiel_Mask.glb,42972
4132213415,4132213415.blk_export,Remielle_Sticker_01.glb,55200
4132213415,4132213415.blk_export,Remielle_Sticker_02_L.glb,3976
4132213415,4132213415.blk_export,Remielle_Sticker_02_R.glb,3968
4132213415,4132213415.blk_export,Remielle_Weapon_01.glb,1640912
4132213415,4132213415.blk_export,Remielle_Weapon_02_L.glb,32768
4132213415,4132213415.blk_export,Remielle_Weapon_02_R.glb,31232
4132213415,4132213415.blk_export,Remielle_Weapon_03_L.glb,18260
4132213415,4132213415.blk_export,Remielle_Weapon_03_R.glb,18256
4132213415,4132213415.blk_export,Remielle_Weapon_04.glb,14704
4132213415,4132213415.blk_export,Remielle_Weapon_05_L.glb,31416
4132213415,4132213415.blk_export,Remielle_Weapon_05_R.glb,29816
4132213415,4132213415.blk_export,Remielle_Wings.glb,429288
748631265,748631265.blk_export,Remielle_Origin_Body_1_LOD003.glb,2550208
760203698,760203698.blk_export,Remielle_Feather_FX_004.glb,12920
760203698,760203698.blk_export,Remielle_Feather_FX_004.glb,18236
760203698,760203698.blk_export,Remielle_Feather_FX_004.glb,18240
760203698,760203698.blk_export,Remielle_Feather_FX_004.glb,18236
760203698,760203698.blk_export,Remielle_Feather_FX_004.glb,18240
776102776,776102776.blk_export,Remielle_Feather_FX_01.glb,12856
runtime-qualified,2583518027,Remielle_Hair.glb,835420
