运镜/震动,触发,曲线/配置,目标对象,坐标空间,开始/混合,退出与打断规则,接入状态,证据
冲刺镜头,Dash_Start 第 8/38 帧事件,原始混合曲线（十个曲线库 366 条记录）,Cinemachine 相机,待登记,混合曲线原生,提前打断已验证,已接入,camera-stage
身体高度跟随,腾空主体,待登记,相机跟随体,待登记,持续,无,已接入,解决上沿裁切
命中震动,33 组原始命中配置,波形/距离/叠加为项目适配,Cinemachine Impulse,待登记,按查询批次去重,独立时钟（不受时间缩放/停帧影响）,已接入,hit-feedback-stage
特殊技运镜,特殊技/强化特殊技,曲线待选择,待绑定,待登记,待登记,待登记,未接入（GAP-009）,曲线库已有基础
强化特殊技运镜,强化特殊技,待登记,待绑定,待登记,待登记,待登记,未接入,GAP-009
原生退出仰角映射,冲刺退出,待登记,相机,待登记,待登记,待登记,未接入,GAP-010
全翼构图,展翼动作,待登记,相机取景,待登记,待登记,待登记,未接入,GAP-010
遮挡处理,通用,待登记,相机,待登记,待登记,待登记,未接入,GAP-010
最终 LUT 挂接,输出链,角色 LUT 与最终后处理 LUT 不互换不重复施加,控制器相机,输出空间,待登记,待登记,未挂接（GAP-006 主因之一）,管线约定见 E:\ZZZ\AGENTS.md
