sha256,size,path
9e54276d178d0306c3b1043d057533c80d74e4567b3759bdd3cb5e623f672214,4811,build_catalog.ps1
4d45006d83ea3d0f8908b23a3c1c037ea64d283d56822af4e38cd9a590652107,6164,build_recovery_ledger.py
a6ca36ad47ae0173cca504152eb601a5f76b37c024f2d96fb2fc90d53ba784d5,12712,build_recovery_status.py
282fd4f0e4da95f8c60824e5002de84982778fc129cc9f0749d10ae516d221df,3760,inspect_blender_asset.py
659440268f4d8cd1dc4d7a68617f7ac5ea84fa87b3dc6a33c714fefd60738f83,2330,native_acl/AnimeStudio.ACL/AnimeStudio.ACL.DB/AnimeStudio.ACL.DB.rc
7a5a7c35a1c13c56a5cebbd36931e6e7efedf324ce078ed09da6f8eb99aecf11,5794,native_acl/AnimeStudio.ACL/AnimeStudio.ACL.DB/AnimeStudio.ACL.DB.vcxproj
bc64bd9b0ceea011692788475ce589faef16cdaa3198d0c1c87301c022c71777,7837,native_acl/AnimeStudio.ACL/AnimeStudio.ACL.DB/acl/compression/compress.h
545c93fd9dcae949278428dcabd59489ecaa220c3576f5c85c84db8f171de2e3,3048,native_acl/AnimeStudio.ACL/AnimeStudio.ACL.DB/acl/compression/compression_level.h
8bc0b8ff9fe19b9644a4d5e7f9c5174d8d0e7c6bd16e41a6106632723294b4a7,12799,native_acl/AnimeStudio.ACL/AnimeStudio.ACL.DB/acl/compression/compression_settings.h
830719ed4f7573b638615754695783ea8867ea6bb34b80ce171123f2a67fca3c,2584,native_acl/AnimeStudio.ACL/AnimeStudio.ACL.DB/acl/compression/convert.h
213bf8b4796469c852dfe26f198ac335c0c30e65b43ae51fffda9cb083cc42da,3533,native_acl/AnimeStudio.ACL/AnimeStudio.ACL.DB/acl/compression/fwd.h
eb804084b22c57faa1ced31dea82c966d38264f0555e4eb8dcfff5addf609d2d,7995,native_acl/AnimeStudio.ACL/AnimeStudio.ACL.DB/acl/compression/impl/animated_track_utils.h
26b7324cf6a690af624407932843456058d5b4e9ebad196b5c1f2a795c97ba7f,9705,native_acl/AnimeStudio.ACL/AnimeStudio.ACL.DB/acl/compression/impl/clip_context.h
c9898c78abf7d2b07e4f4908bf388524e98e51af64d7e09b22edd8ad9e833467,13483,native_acl/AnimeStudio.ACL/AnimeStudio.ACL.DB/acl/compression/impl/clip_context.impl.h
ac6de50e47ac7cc0cfd840ed4ee4460608c600d6812a54f25c975ec4a9b47ab9,3079,native_acl/AnimeStudio.ACL/AnimeStudio.ACL.DB/acl/compression/impl/compact.scalar.h
95c9e3235c4131d1e2ecd8de66097cef4d9356b2a572bf66b7852c46aa97daad,35038,native_acl/AnimeStudio.ACL/AnimeStudio.ACL.DB/acl/compression/impl/compact.transform.h
7dc56574cd0f1d082d14ff9cbecc7d33bfcd6ffafcb35962996b28efe62a650a,74002,native_acl/AnimeStudio.ACL/AnimeStudio.ACL.DB/acl/compression/impl/compress.database.impl.h
20bc95867a8d3d0b21881946b532d0a444811c7f047c3d3046af26b4cca09b46,3738,native_acl/AnimeStudio.ACL/AnimeStudio.ACL.DB/acl/compression/impl/compress.impl.h
6d8a5537a944be60c64b0b4c6dde135a4373d0b374c3b89274eb90a1af68727c,12111,native_acl/AnimeStudio.ACL/AnimeStudio.ACL.DB/acl/compression/impl/compress.scalar.impl.h
d4d9530d9dbeb56a7754bea9aeaf4a2ba79ab0f5132414c4bc90e25ce2cfec2f,30974,native_acl/AnimeStudio.ACL/AnimeStudio.ACL.DB/acl/compression/impl/compress.transform.impl.h
77e336c67a0e53ae9123c7ce05041fb28810a22397d2464e4fd52aa537301368,4444,native_acl/AnimeStudio.ACL/AnimeStudio.ACL.DB/acl/compression/impl/compression_level.impl.h
281ea2185c183fd9a87248642a13fc81250ad5a018520610038b43f80630f7c2,6617,native_acl/AnimeStudio.ACL/AnimeStudio.ACL.DB/acl/compression/impl/compression_settings.impl.h
cf0ac3eff0617fbe9e44f7064c7afc48c8dcb4b2990c073ad116a5f4b5b98f1d,2453,native_acl/AnimeStudio.ACL/AnimeStudio.ACL.DB/acl/compression/impl/compression_stats.h
c52f3788c70f56e8a2055aadce2973bff18035eb97e89f2269cd43990d868f85,10082,native_acl/AnimeStudio.ACL/AnimeStudio.ACL.DB/acl/compression/impl/convert.impl.h
eac7e7a574f2a36dafdb8ef9c93046cec47678d7865f477f2b097650405e1921,5468,native_acl/AnimeStudio.ACL/AnimeStudio.ACL.DB/acl/compression/impl/convert_rotation.transform.h
9e3adb2fcc39c9c6407fca14876f5a888a6caa73c7c341253d5203fa51540721,7127,native_acl/AnimeStudio.ACL/AnimeStudio.ACL.DB/acl/compression/impl/keyframe_stripping.h
22884e0eeec40f424e360bad38a2e3e64452291af1cd88c51767be5c7596e9a3,4086,native_acl/AnimeStudio.ACL/AnimeStudio.ACL.DB/acl/compression/impl/normalize.scalar.h
8668c5f4a07c68f83bc69c1d6914fc5fd39637451522c5d0e27d5c56907c37fd,20987,native_acl/AnimeStudio.ACL/AnimeStudio.ACL.DB/acl/compression/impl/normalize.transform.h
05d097d1e86996fbd1cf256126e684184dcc30397ac5cc1b35ccfc90b53577f4,3970,native_acl/AnimeStudio.ACL/AnimeStudio.ACL.DB/acl/compression/impl/optimize_looping.scalar.h
3bf4573fff1c5348936edd2bae202bcdd71bfe66139163ea0d9a8d0fad0f2c3e,11150,native_acl/AnimeStudio.ACL/AnimeStudio.ACL.DB/acl/compression/impl/optimize_looping.transform.h
b5d77224a1b7de91f851488c35c0bf35ca32ba6f50be7c881d6b9a6041a49332,3991,native_acl/AnimeStudio.ACL/AnimeStudio.ACL.DB/acl/compression/impl/pre_process.common.h
d6a28dac878377eec50d7064355a24913d82092bdd2e9c52c7b711504bda3695,9568,native_acl/AnimeStudio.ACL/AnimeStudio.ACL.DB/acl/compression/impl/pre_process.impl.h
1dc6fb5d1391c9c4d6286b07fdeb0f4f01b81d4123201be57fc0cc3c5e20621b,4066,native_acl/AnimeStudio.ACL/AnimeStudio.ACL.DB/acl/compression/impl/pre_process.scalar.h
9b414f3d9fa7a81c3979421444e59dc0a89cff26277b9e32a1df39cf34183600,14629,native_acl/AnimeStudio.ACL/AnimeStudio.ACL.DB/acl/compression/impl/pre_process.transform.h
099513419304e732a8d442fc8e2ad633ae1ad8edd0ae549eb486f108bf95e1a8,7629,native_acl/AnimeStudio.ACL/AnimeStudio.ACL.DB/acl/compression/impl/quantize.scalar.h
f2b4cfede863ef94ebb09c7b89aad340e9cd6e4c4b98c7a0f756d4de30548188,98488,native_acl/AnimeStudio.ACL/AnimeStudio.ACL.DB/acl/compression/impl/quantize.transform.h
27ae963ca2983194a4b15d3c2fc3b0f0add9ba02014c7c3b0c87ada5c49985e5,14819,native_acl/AnimeStudio.ACL/AnimeStudio.ACL.DB/acl/compression/impl/rigid_shell_utils.h
4e260a815c0d945f797513ea1bbd74d6f035c3b0a01c8da84138d8e2e6effcad,27181,native_acl/AnimeStudio.ACL/AnimeStudio.ACL.DB/acl/compression/impl/sample_streams.h
44e4c97d6281cc3192910e6b2732e2977ba1a1ef57dedc0dd7d673db1b0f1fd5,12430,native_acl/AnimeStudio.ACL/AnimeStudio.ACL.DB/acl/compression/impl/segment.transform.h
c9c4c5f9935b7e07a8a34cd1b7e9e6f364845dc886dad2a2d86ef7f8a94e17f9,5167,native_acl/AnimeStudio.ACL/AnimeStudio.ACL.DB/acl/compression/impl/segment_context.h
b21860a5b05473a72832c6b58fcf5ac9f875e9e0a21eb2c3cae4d3e65b8ffca7,13152,native_acl/AnimeStudio.ACL/AnimeStudio.ACL.DB/acl/compression/impl/track.impl.h
bb0866e2e2e780b63737cfaaaab4d8026fcec438ef3777a9878bbbbc52c004a7,20546,native_acl/AnimeStudio.ACL/AnimeStudio.ACL.DB/acl/compression/impl/track_array.impl.h
36400d4067210ec286eb39cdf498e8f5393bb3d35fd015649a87d1d7c20ec2cf,36720,native_acl/AnimeStudio.ACL/AnimeStudio.ACL.DB/acl/compression/impl/track_bit_rate_database.h
2e51a9b8f420abe87e16d884ad57eca338740769c1a908ff6575a46e2a21f28d,37178,native_acl/AnimeStudio.ACL/AnimeStudio.ACL.DB/acl/compression/impl/track_error.impl.h
ac73581f40aba5e0700eadff1f1ce7443150fc4f494e9e65f9469a5be4ae9957,9629,native_acl/AnimeStudio.ACL/AnimeStudio.ACL.DB/acl/compression/impl/track_list_context.h
e16de4986f92900335ed1090689a40c4690a8828f4fe36a3cec2aec29e482e1e,4053,native_acl/AnimeStudio.ACL/AnimeStudio.ACL.DB/acl/compression/impl/track_range.h
ad39b3286b549d842164f2851b981be9e6fca924dd66c0c5742ef2e349f2ee1e,3062,native_acl/AnimeStudio.ACL/AnimeStudio.ACL.DB/acl/compression/impl/track_range_impl.h
e094c3c83df573771162eb37651a8b6154941b8a543257b8b125e7d5dd7136bb,17218,native_acl/AnimeStudio.ACL/AnimeStudio.ACL.DB/acl/compression/impl/track_stream.h
23a34ee6c4c8dd8d80935ca7d5c653de59e220530ea9f2f2e08d928b67878ff5,721689,native_acl/AnimeStudio.ACL/AnimeStudio.ACL.DB/acl/compression/impl/transform_bit_rate_permutations.h
291ba5b7e772ed61a83d5b652a3c1fe7543e89559bf5aedbc96bc1305ad3eabe,10348,native_acl/AnimeStudio.ACL/AnimeStudio.ACL.DB/acl/compression/impl/transform_clip_adapters.h
eba506bff9c6c1488e9d331ce4b652fa372cced10caddc1c242dfea4fc3afa9b,3060,native_acl/AnimeStudio.ACL/AnimeStudio.ACL.DB/acl/compression/impl/write_compression_stats_impl.h
22ea74a25a9018b7c188ade94bbc26a840184233df7743d4cab1cbcf3fdaa2ce,15963,native_acl/AnimeStudio.ACL/AnimeStudio.ACL.DB/acl/compression/impl/write_range_data.h
5d429ce1bffcf233c09c9100b4e5db3c2e60e2b042d058d709a3c2acb2ddc889,7951,native_acl/AnimeStudio.ACL/AnimeStudio.ACL.DB/acl/compression/impl/write_segment_data.h
5537b8bd2755184e7ca612a84fed7881ad16f7594bbbddb42b80eb1928d05afb,30684,native_acl/AnimeStudio.ACL/AnimeStudio.ACL.DB/acl/compression/impl/write_stats.h
ee3e802b26c4e33ade27731adaf879e9005bb77aad5aa7ca93682d4f0708af8f,23981,native_acl/AnimeStudio.ACL/AnimeStudio.ACL.DB/acl/compression/impl/write_stream_data.h
5787fd2ce6e15e47941525175d8208420ea238c2b1a65bbaf941deb47960b422,5641,native_acl/AnimeStudio.ACL/AnimeStudio.ACL.DB/acl/compression/impl/write_sub_track_types.h
895a3ccaa786f717c18ef0825feb5228363d058f64b174f6ddfd7da5d0ea6b86,7273,native_acl/AnimeStudio.ACL/AnimeStudio.ACL.DB/acl/compression/impl/write_track_data_impl.h
04ac9afa93f7618a8873f6ab998fe75879283b6f225cfe97c20a5335fac7e967,8432,native_acl/AnimeStudio.ACL/AnimeStudio.ACL.DB/acl/compression/impl/write_track_metadata.h
916628ff8a883d40a688304074cf2754e303e74b7ea402c7d1e0fcfad43d0290,2017,native_acl/AnimeStudio.ACL/AnimeStudio.ACL.DB/acl/compression/output_stats.h
337196e14c12193f41da35851f62d918a80e282aaf23f1d3e85cabc619fa330f,6201,native_acl/AnimeStudio.ACL/AnimeStudio.ACL.DB/acl/compression/pre_process.h
c815fcd56b37d468be4b4a40765d329e3cf76d0a4af7d4fd70cbb029af1974f6,17396,native_acl/AnimeStudio.ACL/AnimeStudio.ACL.DB/acl/compression/track.h
263f827a549721ec6ea215be37e182213eb2702dd2beea0f3c511761141264eb,15024,native_acl/AnimeStudio.ACL/AnimeStudio.ACL.DB/acl/compression/track_array.h
961391fd45835b6427687da55fec45ca84ba5f1b45f116cd4ad9ea8fe3d194c3,5796,native_acl/AnimeStudio.ACL/AnimeStudio.ACL.DB/acl/compression/track_error.h
cb807ec996d89ded1254158596d6920f4f91c38540068f246981adaae17dac22,25760,native_acl/AnimeStudio.ACL/AnimeStudio.ACL.DB/acl/compression/transform_error_metrics.h
a7be1afe75ec20838756dbd02113fbd9d32b4a5055be60b41fe2a324230fda4f,3207,native_acl/AnimeStudio.ACL/AnimeStudio.ACL.DB/acl/compression/transform_pose_utils.h
d0d8bb034a341256e55c48d0c47da5a53da7d565500ae6810d75a211887d8336,8460,native_acl/AnimeStudio.ACL/AnimeStudio.ACL.DB/acl/core/additive_utils.h
b1ba8fd60cba4503e95a9f89fdecbef5417d4f1d20f41af840b74ba757e40ef7,4303,native_acl/AnimeStudio.ACL/AnimeStudio.ACL.DB/acl/core/algorithm_types.h
3534baa6899f5ea7de263dfd81d72416754c46dc7432add036358e31b4076598,7866,native_acl/AnimeStudio.ACL/AnimeStudio.ACL.DB/acl/core/ansi_allocator.h
e9b9c067efa872d409c38966c01195fcad254cd2aa6ef7e8d27888a4e34142e6,7668,native_acl/AnimeStudio.ACL/AnimeStudio.ACL.DB/acl/core/bit_manip_utils.h
0d1b6f4f274b09b852d12d662336b6f96605e5a0984b07ab99cf99a5bfb26704,8875,native_acl/AnimeStudio.ACL/AnimeStudio.ACL.DB/acl/core/bitset.h
11b2edff773bf0e101d7a1b12bcdb7d8841ed336a2d5c065ebeb93efd8efe4de,2306,native_acl/AnimeStudio.ACL/AnimeStudio.ACL.DB/acl/core/buffer_tag.h
8f2fdb2a893478857efef3d72484c0389e2243273e2b5179ec0e71100106ef88,8476,native_acl/AnimeStudio.ACL/AnimeStudio.ACL.DB/acl/core/compressed_database.h
5b36bce0bd0e8bef13acfcc88c43cb162e95938704d129e1ca40f7e349b4ca7e,10907,native_acl/AnimeStudio.ACL/AnimeStudio.ACL.DB/acl/core/compressed_tracks.h
43903a6dd0e4c0e318c56cf30aea23ccbd25b537ec81577127d8f86a2674ca73,3928,native_acl/AnimeStudio.ACL/AnimeStudio.ACL.DB/acl/core/compressed_tracks_version.h
d4df74df668e91100e869f8728fcfc4d7c4f3268687d556a7ee60220bf75a0ba,4640,native_acl/AnimeStudio.ACL/AnimeStudio.ACL.DB/acl/core/enum_utils.h
03cd69ede2162698b2982132511f63651839acf4254023cdb6727f42c4e3c2c8,6887,native_acl/AnimeStudio.ACL/AnimeStudio.ACL.DB/acl/core/error.h
1a004f691d05f6852b54d6eca77676cc1f0d3cee0c6168ea66eb8870b0101a96,2344,native_acl/AnimeStudio.ACL/AnimeStudio.ACL.DB/acl/core/error_result.h
b516e4042f4110570fcc85551588407c4df7b7408e8ca5b871ef07a046c4c534,5679,native_acl/AnimeStudio.ACL/AnimeStudio.ACL.DB/acl/core/floating_point_exceptions.h
0b10296aea4c53f7934d63ee442729756aa770abe325f2e11fca66850d0e07de,4518,native_acl/AnimeStudio.ACL/AnimeStudio.ACL.DB/acl/core/fwd.h
616bf04f513d85d63490f6e2f601aaa80ec2c8eed169b5c911e60fdd43c11194,5696,native_acl/AnimeStudio.ACL/AnimeStudio.ACL.DB/acl/core/hash.h
b57fd286096e1f6c1ccd0b743eec7189b0a079b2d2b3d5f178b01ee51dc89c4e,6225,native_acl/AnimeStudio.ACL/AnimeStudio.ACL.DB/acl/core/iallocator.h
4430ac82a64b3fc59239368850cc601931e3fa71c4baedbfd2d96ebf61db0ccb,2448,native_acl/AnimeStudio.ACL/AnimeStudio.ACL.DB/acl/core/impl/atomic.impl.h
befc3863fd757558238ea85f96f3906eb0cb490ce93c307c78054f6909aecd98,1920,native_acl/AnimeStudio.ACL/AnimeStudio.ACL.DB/acl/core/impl/bit_cast.impl.h
da7bd0048514f8baed4a74d6378281f46eda88e06b84639baa98974616f3d54e,5354,native_acl/AnimeStudio.ACL/AnimeStudio.ACL.DB/acl/core/impl/compiler_utils.h
9e632e9df6754b1bd69f84873598633a5317de19b5adeeafac1911a1c5ce8f67,7928,native_acl/AnimeStudio.ACL/AnimeStudio.ACL.DB/acl/core/impl/compressed_database.impl.h
34ddf1b1be9e637c8df5a4cd4ea5245b33a1722a0c674c41d266bd3ecdbbbdb9,35233,native_acl/AnimeStudio.ACL/AnimeStudio.ACL.DB/acl/core/impl/compressed_headers.h
8be78c41afe240d74d6061b4b40efc655f226580f2b47af70ad442f1881225a5,14181,native_acl/AnimeStudio.ACL/AnimeStudio.ACL.DB/acl/core/impl/compressed_tracks.impl.h
421f24b133ddff56e69c2522e314c889266fe8f654fa5bd5722711131d84e8cd,13478,native_acl/AnimeStudio.ACL/AnimeStudio.ACL.DB/acl/core/impl/debug_track_writer.h
e6751dd07de861602bca4df232e0d22c4710e2c6c129efd52b626af0268127a2,13015,native_acl/AnimeStudio.ACL/AnimeStudio.ACL.DB/acl/core/impl/interpolation_utils.impl.h
55d4b3b115dad9e7afdda8bd6c70d42a5f6ba194e25feeda3e42858adcd7eafe,5133,native_acl/AnimeStudio.ACL/AnimeStudio.ACL.DB/acl/core/impl/time_utils.impl.h
7ff94773536918d2fd87c61ac53cb0dafe5ec23799cbc90d80fa14ed872f40fd,2471,native_acl/AnimeStudio.ACL/AnimeStudio.ACL.DB/acl/core/impl/track_desc.impl.h
34c916a654e100e0a2a5c4c7a7c03e6dbd980fb1580327fa372d35af13ad1648,5841,native_acl/AnimeStudio.ACL/AnimeStudio.ACL.DB/acl/core/impl/track_formats.impl.h
c9350a8b0d5cfe919c39feb5b2c7b102a85453f5a67a22a1e8c0fb21f6aff505,2892,native_acl/AnimeStudio.ACL/AnimeStudio.ACL.DB/acl/core/impl/variable_bit_rates.h
9ab07623bcbb711a7593b5a0165545e8810d76d7a3ad58bd0c03e6980579295e,5806,native_acl/AnimeStudio.ACL/AnimeStudio.ACL.DB/acl/core/interpolation_utils.h
8e575edfa686e42a88f3daeb2e5128266d610dc3986e6fa13704d539060371f0,5149,native_acl/AnimeStudio.ACL/AnimeStudio.ACL.DB/acl/core/iterator.h
bf351516e7ce440e06ee102ed9f081cbc00392e5189d9fdfe524c57284c78d42,13305,native_acl/AnimeStudio.ACL/AnimeStudio.ACL.DB/acl/core/memory_utils.h
e8b8cddcd976627cb2d028e62964d615d8483429fe20f005f2ee98a568a73d61,6308,native_acl/AnimeStudio.ACL/AnimeStudio.ACL.DB/acl/core/ptr_offset.h
da614c1d7b4c9aca0f443c3d73d9add983cd4460a75df1f6ad889b59aa004e59,2412,native_acl/AnimeStudio.ACL/AnimeStudio.ACL.DB/acl/core/quality_tiers.h
15c7d623a8fed83731eba62dca56975c8cea2b909f5ea3e246c7467afc58174c,4298,native_acl/AnimeStudio.ACL/AnimeStudio.ACL.DB/acl/core/range_reduction_types.h
fcddcfff602a597c1ea2c26195b77993c98b48d6fabac9b369362513dba426a2,4053,native_acl/AnimeStudio.ACL/AnimeStudio.ACL.DB/acl/core/sample_looping_policy.h
7ea31cdf95132492bf2e16c94efe37fb980360fb71d9fc9b61640746530a7453,6171,native_acl/AnimeStudio.ACL/AnimeStudio.ACL.DB/acl/core/sample_rounding_policy.h
4a5e186aee8907ca0e502baca1af6468b6ccb8dc013502de78c79f911a27362c,4636,native_acl/AnimeStudio.ACL/AnimeStudio.ACL.DB/acl/core/scope_profiler.h
4ee0e5c294a4441a0e69d714569513c784029badf66e9a1ff4315af3e9b7ddaf,5171,native_acl/AnimeStudio.ACL/AnimeStudio.ACL.DB/acl/core/string.h
42c4d92f729cb983ab98487d981e577a17b996c68d6cc305d2b4a13c94200dee,3761,native_acl/AnimeStudio.ACL/AnimeStudio.ACL.DB/acl/core/time_utils.h
e08bf64a7894639383e070472f9dd7cfcc0d49ddc1dfe3ba09c779ed14361a05,8923,native_acl/AnimeStudio.ACL/AnimeStudio.ACL.DB/acl/core/track_desc.h
7b163634231284074e51f3bd55e20abed0c2152f6d7f8477b2343fa5f52c9054,5023,native_acl/AnimeStudio.ACL/AnimeStudio.ACL.DB/acl/core/track_formats.h
3f16cc2f7b2f0611767be98e7fe8a70f790d9cecb1a0225deb402904a4887bed,4066,native_acl/AnimeStudio.ACL/AnimeStudio.ACL.DB/acl/core/track_traits.h
b3c93d3976c981119291009473416d11f3ff308443ba75666eb57ad09f76a31a,6646,native_acl/AnimeStudio.ACL/AnimeStudio.ACL.DB/acl/core/track_types.h
5d26f7b10be5d3999f04dd196765b5e20023c5cf110c98dbc4d3a73cdb5db3ea,10767,native_acl/AnimeStudio.ACL/AnimeStudio.ACL.DB/acl/core/track_writer.h
d2c7e77e32eab0e03438856f6d2f24c56ab7b4120011913a035b70064d558dc0,3064,native_acl/AnimeStudio.ACL/AnimeStudio.ACL.DB/acl/core/unique_ptr.h
776f28b52ca394c0d9edc1803daf2f546c1f65a0c07ca0e3e472137593ab50cf,1860,native_acl/AnimeStudio.ACL/AnimeStudio.ACL.DB/acl/core/utils.h
9e6133d3e21d27ce855c4ae6391c3b6c3a78a9dcba42ed6099fea878499e2090,3214,native_acl/AnimeStudio.ACL/AnimeStudio.ACL.DB/acl/core/variable_bit_rates.h
37a6867c6fa770a2dc09b070e17c55f7b7e15e0386c543750d7a1b4c3f3694da,9287,native_acl/AnimeStudio.ACL/AnimeStudio.ACL.DB/acl/decompression/database/database.h
8132397c04749c716b4bb141ab1f8b3e741b63e715779a579e9ff0e3584ca77a,3745,native_acl/AnimeStudio.ACL/AnimeStudio.ACL.DB/acl/decompression/database/database_settings.h
d0a510b21e5d70a0e8f04aaea75c0d4b604209d41f33c5e9eb1a04c37e952012,8174,native_acl/AnimeStudio.ACL/AnimeStudio.ACL.DB/acl/decompression/database/database_streamer.h
9ce63a3d59b2ea5b591aa5f47ad2f68ac6df1f1ce6e6407783126c58d83925cb,30371,native_acl/AnimeStudio.ACL/AnimeStudio.ACL.DB/acl/decompression/database/impl/database.impl.h
6032a6e2715d518e9171b4f62470956990caaf297d5e8c42e1f893b88103607a,3556,native_acl/AnimeStudio.ACL/AnimeStudio.ACL.DB/acl/decompression/database/impl/database_context.h
646dcb09315e2bd2353a776ffed865fafbcd8b6f519a1faff3b4f4a46ae10037,9186,native_acl/AnimeStudio.ACL/AnimeStudio.ACL.DB/acl/decompression/database/impl/database_streamer.impl.h
f88093cad01259fbdc943273a972fbed495177612cc371a15aafe9a32c3eb5f6,5080,native_acl/AnimeStudio.ACL/AnimeStudio.ACL.DB/acl/decompression/database/impl/debug_database_streamer.h
787e1551d8a1307cf3f24fc614e6cdc7e91d7267542e0eb115e04e9cb4603599,4248,native_acl/AnimeStudio.ACL/AnimeStudio.ACL.DB/acl/decompression/database/null_database_streamer.h
f25b41d94b70b1b4d994f9959739e1d046da2fd86ff111e94eafe2b3498944f5,11376,native_acl/AnimeStudio.ACL/AnimeStudio.ACL.DB/acl/decompression/decompress.h
b18d7c57fc9f0d0ab33e9975609eed04f8c924671d03fcc19859491d376f8294,12064,native_acl/AnimeStudio.ACL/AnimeStudio.ACL.DB/acl/decompression/decompression_settings.h
b0d013e9c4196c7b1ee5de2b31f2d81ff09663a759d6b0d0d45ea44eb086227d,2624,native_acl/AnimeStudio.ACL/AnimeStudio.ACL.DB/acl/decompression/fwd.h
1faa25731f93278e081a0f85d173afef32d53f58717a0fcdf85c778e8848fd65,118393,native_acl/AnimeStudio.ACL/AnimeStudio.ACL.DB/acl/decompression/impl/animated_track_cache.transform.h
d8e27f979b095c90f6f1bdad54fb5896492fba4236d1952d431a1c623fee64d7,15365,native_acl/AnimeStudio.ACL/AnimeStudio.ACL.DB/acl/decompression/impl/constant_track_cache.transform.h
96abe0d1905c80e0233701b7dd43afcf969be967261f39fe38ebc5279d216b6d,10416,native_acl/AnimeStudio.ACL/AnimeStudio.ACL.DB/acl/decompression/impl/decompress.impl.h
14cad61cb011ab7ee269a4a142c99d6d5225ae499aa6d4724e5ab2c231248b81,51013,native_acl/AnimeStudio.ACL/AnimeStudio.ACL.DB/acl/decompression/impl/decompression.scalar.h
4172d18969a53f2e8d9a00155bcbc3eb9efd1f87330fdb228fca1f1e4e5e7d62,96527,native_acl/AnimeStudio.ACL/AnimeStudio.ACL.DB/acl/decompression/impl/decompression.transform.h
f7d67164b3ed8e9d165181d958ffa781c07722e48bea34affb7df262ebd4f0f4,9826,native_acl/AnimeStudio.ACL/AnimeStudio.ACL.DB/acl/decompression/impl/decompression.universal.h
a68bf5accf83c6d58eec0ecc47747af4df75b9f5e974334df245e8d55bb34139,10606,native_acl/AnimeStudio.ACL/AnimeStudio.ACL.DB/acl/decompression/impl/decompression_context.transform.h
14606b7dee05eb91dae7bc8a9f327a1f94d0d0d278dc23ca056b94e0cf733fe2,2515,native_acl/AnimeStudio.ACL/AnimeStudio.ACL.DB/acl/decompression/impl/decompression_context_selector.h
e3fd284e8b982cf32344e4d94a32848a2bbabeaf0da662cb591ff70a38662749,12750,native_acl/AnimeStudio.ACL/AnimeStudio.ACL.DB/acl/decompression/impl/decompression_version_selector.h
46e4266e6596a600899ee640e7886bf6bb178a4155da8a8ae5dfa29276a15839,3622,native_acl/AnimeStudio.ACL/AnimeStudio.ACL.DB/acl/decompression/impl/track_cache.h
f845f44eee4640bf74e11f06b4ae526bc5b0c635eef63ad2e6cbaf66a75b5a45,1894,native_acl/AnimeStudio.ACL/AnimeStudio.ACL.DB/acl/fwd.h
5da8c907f9c06bf38245851f0e62d7b56ad3080bb4ba9a6bd1c0b36521d91941,39937,native_acl/AnimeStudio.ACL/AnimeStudio.ACL.DB/acl/io/clip_reader.h
bfb8d5b828c91ce93203f432328e4465d60b8d0f23c31f2d65ee7e7f9f12a411,3008,native_acl/AnimeStudio.ACL/AnimeStudio.ACL.DB/acl/io/clip_reader_error.h
d233173af0fd6c6c66ac2b991b7a89da06637a2cd912c2de1871baf858e02c6b,15988,native_acl/AnimeStudio.ACL/AnimeStudio.ACL.DB/acl/io/clip_writer.h
09e703a794bca2a8730aa10c8deae50ea2cc02e5874677adf8e49d2edf20baff,2039,native_acl/AnimeStudio.ACL/AnimeStudio.ACL.DB/acl/io/fwd.h
20373a2a5271689de8d11eac1959382bdbd472562b761cdef0100ac2ccab3a14,4067,native_acl/AnimeStudio.ACL/AnimeStudio.ACL.DB/acl/math/quat_packing.h
ae7c152b1f737af389b68d65a2fdf7748c0f1c0add9309b10882208ca643562b,11360,native_acl/AnimeStudio.ACL/AnimeStudio.ACL.DB/acl/math/quatf.h
5eac28366569bfc7eaab5ccbdbfc4775218f4f3b20c6e199b2ed87f4cd9c1054,1715,native_acl/AnimeStudio.ACL/AnimeStudio.ACL.DB/acl/math/qvvf.h
d37ff14112e8cf1ea275222aa4ea0e199f3a5dcc161b7ac39b01d612a877996c,7233,native_acl/AnimeStudio.ACL/AnimeStudio.ACL.DB/acl/math/scalar_packing.h
9bf55b4fd7ea147bb529981f839785e53e772115ae944d611f3bdfff8d96dc9f,51200,native_acl/AnimeStudio.ACL/AnimeStudio.ACL.DB/acl/math/vector4_packing.h
329a475a65baa85dd0aea30337b7d4ce0e1cd358fc0af9c802a9562a76ee8d32,1719,native_acl/AnimeStudio.ACL/AnimeStudio.ACL.DB/acl/math/vector4f.h
d3dfbe1d748fbeb8fcf32e29d9d5a3c4293fa0626490a5b9aab5b8e9c1906246,4312,native_acl/AnimeStudio.ACL/AnimeStudio.ACL.DB/acl/version.h
9acf2f676189b7d139a589ed4754c677ad0d1033c1e88d408bceb7e4f5fc45b6,216,native_acl/AnimeStudio.ACL/AnimeStudio.ACL.DB/cpp.hint
43d1838e1860e781ec1da38dd320391420076531c4f3f1f8f5da4b3dfdeda384,8686,native_acl/AnimeStudio.ACL/AnimeStudio.ACL.DB/dllmain.cpp
b323128293300f4985705fcf21434eb6a9133666d16cd4a439c5c2067f59d10f,1145,native_acl/AnimeStudio.ACL/AnimeStudio.ACL.DB/dllmain.h
e1ef127e52509a716e3c33d1510e59f663a67c7145a37ce2b0a4586ce265bc32,12908,native_acl/AnimeStudio.ACL/AnimeStudio.ACL.DB/rtm/camera_utilsd.h
524eddfe226372690304473ff14be5818d85536f0a3f4d300a44e27f7331afb1,12943,native_acl/AnimeStudio.ACL/AnimeStudio.ACL.DB/rtm/camera_utilsf.h
20ed7b123181a9b2ed556496c7626f4fd56251f17c010047bcc3a8c87536a1a5,13074,native_acl/AnimeStudio.ACL/AnimeStudio.ACL.DB/rtm/constants.h
64f9bb39a442cd205d895ab9e767fe03c8b37a5b8a65e7b3a85d16ca1824cec7,1910,native_acl/AnimeStudio.ACL/AnimeStudio.ACL.DB/rtm/fwd.h
be05aeb73f0ad4e8a6e999c1454d2594cc81dcc1e77c0b0bb5dd79117e187031,2209,native_acl/AnimeStudio.ACL/AnimeStudio.ACL.DB/rtm/impl/bit_cast.impl.h
1ca6b6414aee135bafcaa3df29ca2fd15b085131da294ca422cf581f77125e77,3284,native_acl/AnimeStudio.ACL/AnimeStudio.ACL.DB/rtm/impl/cmath.impl.h
86fd7f20aa3c33c09974f43d6290e6e6f2622396e79c75d0ca3ef23d4430a4c5,4350,native_acl/AnimeStudio.ACL/AnimeStudio.ACL.DB/rtm/impl/compiler_utils.h
9532bb206f1edb35b4f19b0c8fc9889bd11b6d4c34f95ecf4759f814e2b53c80,1824,native_acl/AnimeStudio.ACL/AnimeStudio.ACL.DB/rtm/impl/detect_arch.h
5e206a255b82f2a50e58e6aaa541af3e533ee78b3ceb858d95a7c189121bd185,2086,native_acl/AnimeStudio.ACL/AnimeStudio.ACL.DB/rtm/impl/detect_compiler.h
6d4d8c0bc60dc1e2d299b494ff9b6381c4fc4b30c0dc4670715960fd603deea4,2181,native_acl/AnimeStudio.ACL/AnimeStudio.ACL.DB/rtm/impl/detect_cpp_version.h
39b6724f9a0f48a0e243b342a462e95bf86c9fd7fc9cdbfb3f970de083aa5915,5821,native_acl/AnimeStudio.ACL/AnimeStudio.ACL.DB/rtm/impl/detect_features.h
8039eada6025b11ab416bc3306d1aeac49ef87641fcdb1873ae3dd6479a146fe,7154,native_acl/AnimeStudio.ACL/AnimeStudio.ACL.DB/rtm/impl/error.h
1e9cada800c6d2019813580730b130a78b33879b5518f96a1d5e1b4db71400b6,11738,native_acl/AnimeStudio.ACL/AnimeStudio.ACL.DB/rtm/impl/macros.mask4.impl.h
bb81e643dc674b4e2899544a04b9705b86669de52c0cd0ab6790acdb59d5ad2a,16760,native_acl/AnimeStudio.ACL/AnimeStudio.ACL.DB/rtm/impl/macros.matrix.impl.h
7232221ed9971760a0f6da0dbd5eb1ca64af31574f2a702f8f9e442ede503401,12989,native_acl/AnimeStudio.ACL/AnimeStudio.ACL.DB/rtm/impl/macros.vector4.impl.h
8a13c1aa7040ac8d8e3824f544fd487e58f5cb9882580376980b44d2abf629e6,11753,native_acl/AnimeStudio.ACL/AnimeStudio.ACL.DB/rtm/impl/mask_common.h
022e977b19c33ac8bf4161f406578f79f37c057694cba9050b4f52d5788ff45d,17599,native_acl/AnimeStudio.ACL/AnimeStudio.ACL.DB/rtm/impl/matrix_affine_common.h
4dd376b2b0e63cc6e1a2d1d321e51cb7cb370249d046e53172f11c96f51a2742,13643,native_acl/AnimeStudio.ACL/AnimeStudio.ACL.DB/rtm/impl/matrix_cast.h
ea203d15f21408097e2ec6ce81421bc6a819bcce8b6d4184c2f863cd55aae83f,8131,native_acl/AnimeStudio.ACL/AnimeStudio.ACL.DB/rtm/impl/matrix_common.h
a902c23099c1c82f9f2b0875e2b866dc81f9fc33f9190fec80b7e4ffdbbcf943,12271,native_acl/AnimeStudio.ACL/AnimeStudio.ACL.DB/rtm/impl/memory_utils.h
6b3a2e53d725b5b2c6a103bd39b25601730f2526f4ab4fcadc387d5c000b1c3b,3819,native_acl/AnimeStudio.ACL/AnimeStudio.ACL.DB/rtm/impl/quat_common.h
c1d0489da8f5b1fd026a4163813b61ee192e513b6b1bee2cb4022b9693e8fa15,3710,native_acl/AnimeStudio.ACL/AnimeStudio.ACL.DB/rtm/impl/qv_common.h
82a5fe7a59cc139c10032628734c9a865b43feee2689ca6e46c47cea0edc1a9b,5060,native_acl/AnimeStudio.ACL/AnimeStudio.ACL.DB/rtm/impl/qvs_common.h
8e8ae3aad1a2a9fea8e4fe247a4cf831d874347ed993c9560bcb875f2e34c8bc,3707,native_acl/AnimeStudio.ACL/AnimeStudio.ACL.DB/rtm/impl/qvv_common.h
54a57d792e10aee38c541d550c360715fcbaf492230de7362630f75426dd3f99,4969,native_acl/AnimeStudio.ACL/AnimeStudio.ACL.DB/rtm/impl/scalar_common.h
0552634ea91639b6746f95aa3e4d34938ae12f73d33fd8cf47a5c091c9efa439,2087,native_acl/AnimeStudio.ACL/AnimeStudio.ACL.DB/rtm/impl/type_args.h
0369be23ce8ead3d403b65e1b6063ec5ae3ed8df9845962e0e43f177784eb9f4,6665,native_acl/AnimeStudio.ACL/AnimeStudio.ACL.DB/rtm/impl/type_args.neon.impl.h
5d00052b1529b68898b9d499a995f87dd65863b9fae81d0b525fb1014be38a6b,6783,native_acl/AnimeStudio.ACL/AnimeStudio.ACL.DB/rtm/impl/type_args.neon64.impl.h
6c9b1deb508d154eb4e9f13bc4c6507ab6687af90b3288b9de49a879f8a6d520,6400,native_acl/AnimeStudio.ACL/AnimeStudio.ACL.DB/rtm/impl/type_args.other.impl.h
1161726e0defaeff3be07a19ef3773b74b1f365e9fd7e7db0d76122034e75018,6699,native_acl/AnimeStudio.ACL/AnimeStudio.ACL.DB/rtm/impl/type_args.vectorcall.impl.h
8bf46c91d6eb91deca69cbd0e11cb66f80e12c3a81b9cd1ed8ec9e418dfc1bb2,7096,native_acl/AnimeStudio.ACL/AnimeStudio.ACL.DB/rtm/impl/type_args.x64_clang.impl.h
ed90aafe23ec959f72f5eba1ac2f3c0e950bf8c2dea8fd15e31c6942a7f8c55e,6696,native_acl/AnimeStudio.ACL/AnimeStudio.ACL.DB/rtm/impl/type_args.x64_gcc.impl.h
471acb75b5da4b67fbe27111900f6324dce98e9374611b8118797a7b09c8053a,29594,native_acl/AnimeStudio.ACL/AnimeStudio.ACL.DB/rtm/impl/vector_common.h
b599e5b7aa9bd6bd14e29eceeb649fa57c78888071d1d0d3053036f2b14f9363,1473,native_acl/AnimeStudio.ACL/AnimeStudio.ACL.DB/rtm/macros.h
6af142a88187e01f04b863de2332e1c0683b760fae006c4db5261bb612046a65,16513,native_acl/AnimeStudio.ACL/AnimeStudio.ACL.DB/rtm/mask4d.h
8b1fe7013ecc7dcd59d398ed96be01659514fb74cdb911d490ee2ddf8a97ad64,15068,native_acl/AnimeStudio.ACL/AnimeStudio.ACL.DB/rtm/mask4f.h
1ec144463ed53071bc03b3d1e1158218399afbe09562f22a0ae1164933ff8bcf,17398,native_acl/AnimeStudio.ACL/AnimeStudio.ACL.DB/rtm/mask4i.h
b1e7b9ae298a15a2d92f848fbe788b08c4e6ded4f6bd9144f03d530d14a3bf02,14941,native_acl/AnimeStudio.ACL/AnimeStudio.ACL.DB/rtm/mask4q.h
e1463bb9950b9f7c50c42b2ca9f9a190438a165a770350a9e79379fcca49d515,4040,native_acl/AnimeStudio.ACL/AnimeStudio.ACL.DB/rtm/math.h
b95e3366367100a4c3b9d2177d50aeab2d9ba707d6f33bef962096df4e574cfb,24617,native_acl/AnimeStudio.ACL/AnimeStudio.ACL.DB/rtm/matrix3x3d.h
90b84e57ad6fb5384d5fb88d36cfff41a756b1252c2a376b41409a15ec78d640,24675,native_acl/AnimeStudio.ACL/AnimeStudio.ACL.DB/rtm/matrix3x3f.h
07ec50e64543fb145a0153f575bdf6b7b95f74aec18c48a1a27cad7adb0fd8bd,34821,native_acl/AnimeStudio.ACL/AnimeStudio.ACL.DB/rtm/matrix3x4d.h
70d69d3661c84741154f0c9dc1c9d21e303323ceeadcb98e2ceba1d966974412,34832,native_acl/AnimeStudio.ACL/AnimeStudio.ACL.DB/rtm/matrix3x4f.h
dc7c46ad787bc1f7985fc1243fbb26c0bc08fe76944c4efbda6b2a5bec11d386,31986,native_acl/AnimeStudio.ACL/AnimeStudio.ACL.DB/rtm/matrix4x4d.h
12d3c647f156c497b64d513af3f074784efc7cf714cd94a423edd1e3fcc0ebc4,29112,native_acl/AnimeStudio.ACL/AnimeStudio.ACL.DB/rtm/matrix4x4f.h
478dbcebc2a99537d3db0e7add7062944c14a613c5bb408fa3a99740c1d29b98,3488,native_acl/AnimeStudio.ACL/AnimeStudio.ACL.DB/rtm/packing/quatd.h
f60e14f68b72c0403de22b830c568ce68b88ebfbeab97a3652d5c3bcf99c5c3b,5928,native_acl/AnimeStudio.ACL/AnimeStudio.ACL.DB/rtm/packing/quatf.h
0c3f85db9a0a5938f66ec4aaaf6c2639ba856713e8252e3d9a2a2d1043ed4bf4,49059,native_acl/AnimeStudio.ACL/AnimeStudio.ACL.DB/rtm/quatd.h
603681d49853cf4aed6c90c6dd3b4b356fe6d0688e475ad5a3382a9b9c243732,72811,native_acl/AnimeStudio.ACL/AnimeStudio.ACL.DB/rtm/quatf.h
06e760d0cbfb0e7aae3dce2d64df1696ca27d1a4f38d3dcfb18c0aa1922d1c9b,15258,native_acl/AnimeStudio.ACL/AnimeStudio.ACL.DB/rtm/qvd.h
214a3ba42d258ffee9775c9e3d15cc2a4386461fcddeb9555f4cbb5f9db5ce45,15253,native_acl/AnimeStudio.ACL/AnimeStudio.ACL.DB/rtm/qvf.h
236bd622f13b9866c5cfbbc52e96820f4e0c646e5c1ef583d7674df2e738d406,24944,native_acl/AnimeStudio.ACL/AnimeStudio.ACL.DB/rtm/qvsd.h
11309c0fd5de8f94179b2ca27b53861f16a8199b0c1cc711a8d3cab1402393b9,24932,native_acl/AnimeStudio.ACL/AnimeStudio.ACL.DB/rtm/qvsf.h
0402bcde0b781ec2d7be569b18bfb186b17cc9ef17bfeb4c818b04f7c51a4339,29071,native_acl/AnimeStudio.ACL/AnimeStudio.ACL.DB/rtm/qvvd.h
86f0f88ff237105710a07e4494dfcbf831f332129774f784660287d2d0104630,29617,native_acl/AnimeStudio.ACL/AnimeStudio.ACL.DB/rtm/qvvf.h
629bc84ef2475fce147f763d0f0f5d1721e140f03b5f66f36ce61d24e2a63b55,46756,native_acl/AnimeStudio.ACL/AnimeStudio.ACL.DB/rtm/scalard.h
a50d7961ad69b455b42473ebd1165ba8678984bda9e8c0edb7d6be7da367766e,61764,native_acl/AnimeStudio.ACL/AnimeStudio.ACL.DB/rtm/scalarf.h
326b3eb2cdb20cf3d6c5e0200f17e86d720cbd3d83f526012a53d7aecf09dc4f,6856,native_acl/AnimeStudio.ACL/AnimeStudio.ACL.DB/rtm/type_traits.h
bc70a720d1441e48e4b59252b7405b8da10240cdfeee860a8363a98f74e4e60c,22365,native_acl/AnimeStudio.ACL/AnimeStudio.ACL.DB/rtm/types.h
cad261e358e0c5df8bcdc9e377419916bbd616c8e126316b37a06db06ac59b09,148525,native_acl/AnimeStudio.ACL/AnimeStudio.ACL.DB/rtm/vector4d.h
1a1d1373490ac0ae76fe47fac8d1b3ffb897d57ac2e77881cb94854f395bb83b,203441,native_acl/AnimeStudio.ACL/AnimeStudio.ACL.DB/rtm/vector4f.h
f33f4b7326ad96a4742cd814396ffd60aab8f2c592ac42235fd1c7f19458f018,4325,native_acl/AnimeStudio.ACL/AnimeStudio.ACL.DB/rtm/version.h
025733c1d222a118c43e25bf574cff36266a3ae25ab133618e4306c3341b730c,8132,native_acl/AnimeStudio.ACL/AnimeStudio.ACL.ZZZV2/ACLLibrary.cpp
659c53eb152883ffdc302436354c35c0dc1e7e1d54bb1e872dac90fffdfb34f1,1412,native_acl/AnimeStudio.ACL/AnimeStudio.ACL.ZZZV2/ACLLibrary.h
b7d798efa6f2def02f04cc797ffe02928e4304545f3b61d57d6f96bb469dd715,2326,native_acl/AnimeStudio.ACL/AnimeStudio.ACL.ZZZV2/AnimeStudio.ACL.ZZZV2.rc
3670a5df3a78b552bb2067db6f7d678042828fe30f0a0688f44b4340529cff1f,23790,native_acl/AnimeStudio.ACL/AnimeStudio.ACL.ZZZV2/AnimeStudio.ACL.ZZZV2.vcxproj
322ddca62bbf7989ad553ef8cf2143654f8112612d4724d2012beda0d1f661ca,37462,native_acl/AnimeStudio.ACL/AnimeStudio.ACL.ZZZV2/AnimeStudio.ACL.ZZZV2.vcxproj.filters
bc64bd9b0ceea011692788475ce589faef16cdaa3198d0c1c87301c022c71777,7837,native_acl/AnimeStudio.ACL/AnimeStudio.ACL.ZZZV2/acl/compression/compress.h
545c93fd9dcae949278428dcabd59489ecaa220c3576f5c85c84db8f171de2e3,3048,native_acl/AnimeStudio.ACL/AnimeStudio.ACL.ZZZV2/acl/compression/compression_level.h
8bc0b8ff9fe19b9644a4d5e7f9c5174d8d0e7c6bd16e41a6106632723294b4a7,12799,native_acl/AnimeStudio.ACL/AnimeStudio.ACL.ZZZV2/acl/compression/compression_settings.h
830719ed4f7573b638615754695783ea8867ea6bb34b80ce171123f2a67fca3c,2584,native_acl/AnimeStudio.ACL/AnimeStudio.ACL.ZZZV2/acl/compression/convert.h
213bf8b4796469c852dfe26f198ac335c0c30e65b43ae51fffda9cb083cc42da,3533,native_acl/AnimeStudio.ACL/AnimeStudio.ACL.ZZZV2/acl/compression/fwd.h
eb804084b22c57faa1ced31dea82c966d38264f0555e4eb8dcfff5addf609d2d,7995,native_acl/AnimeStudio.ACL/AnimeStudio.ACL.ZZZV2/acl/compression/impl/animated_track_utils.h
26b7324cf6a690af624407932843456058d5b4e9ebad196b5c1f2a795c97ba7f,9705,native_acl/AnimeStudio.ACL/AnimeStudio.ACL.ZZZV2/acl/compression/impl/clip_context.h
c9898c78abf7d2b07e4f4908bf388524e98e51af64d7e09b22edd8ad9e833467,13483,native_acl/AnimeStudio.ACL/AnimeStudio.ACL.ZZZV2/acl/compression/impl/clip_context.impl.h
ac6de50e47ac7cc0cfd840ed4ee4460608c600d6812a54f25c975ec4a9b47ab9,3079,native_acl/AnimeStudio.ACL/AnimeStudio.ACL.ZZZV2/acl/compression/impl/compact.scalar.h
9040b2a91664dd32e8fb7d3a1a80f0f365e06ece8b315bcbf3603f294ced01eb,34616,native_acl/AnimeStudio.ACL/AnimeStudio.ACL.ZZZV2/acl/compression/impl/compact.transform.h
acf870a3a69730def367e2339c2c79fa2d89b30e2cc04835ac122341eee91719,74128,native_acl/AnimeStudio.ACL/AnimeStudio.ACL.ZZZV2/acl/compression/impl/compress.database.impl.h
20bc95867a8d3d0b21881946b532d0a444811c7f047c3d3046af26b4cca09b46,3738,native_acl/AnimeStudio.ACL/AnimeStudio.ACL.ZZZV2/acl/compression/impl/compress.impl.h
6d8a5537a944be60c64b0b4c6dde135a4373d0b374c3b89274eb90a1af68727c,12111,native_acl/AnimeStudio.ACL/AnimeStudio.ACL.ZZZV2/acl/compression/impl/compress.scalar.impl.h
f313ba105b5005626c8000133413915e3da8c1f2731b6b5c7fe97afc03af3c75,30220,native_acl/AnimeStudio.ACL/AnimeStudio.ACL.ZZZV2/acl/compression/impl/compress.transform.impl.h
77e336c67a0e53ae9123c7ce05041fb28810a22397d2464e4fd52aa537301368,4444,native_acl/AnimeStudio.ACL/AnimeStudio.ACL.ZZZV2/acl/compression/impl/compression_level.impl.h
281ea2185c183fd9a87248642a13fc81250ad5a018520610038b43f80630f7c2,6617,native_acl/AnimeStudio.ACL/AnimeStudio.ACL.ZZZV2/acl/compression/impl/compression_settings.impl.h
c52f3788c70f56e8a2055aadce2973bff18035eb97e89f2269cd43990d868f85,10082,native_acl/AnimeStudio.ACL/AnimeStudio.ACL.ZZZV2/acl/compression/impl/convert.impl.h
1ab71220301a15376d5eaa7da36ad80b1c75275a0a525a98aa6d44bb774e7d09,5082,native_acl/AnimeStudio.ACL/AnimeStudio.ACL.ZZZV2/acl/compression/impl/convert_rotation.transform.h
0bbcd859eff898287e17bbf343078d32e328623b3947ff4160e51c14eea1c80b,6751,native_acl/AnimeStudio.ACL/AnimeStudio.ACL.ZZZV2/acl/compression/impl/keyframe_stripping.h
22884e0eeec40f424e360bad38a2e3e64452291af1cd88c51767be5c7596e9a3,4086,native_acl/AnimeStudio.ACL/AnimeStudio.ACL.ZZZV2/acl/compression/impl/normalize.scalar.h
3091a476ceec49e0e6bca8b02a0775c8d45a075e41a07b8b6f77a9702212fe97,19751,native_acl/AnimeStudio.ACL/AnimeStudio.ACL.ZZZV2/acl/compression/impl/normalize.transform.h
05d097d1e86996fbd1cf256126e684184dcc30397ac5cc1b35ccfc90b53577f4,3970,native_acl/AnimeStudio.ACL/AnimeStudio.ACL.ZZZV2/acl/compression/impl/optimize_looping.scalar.h
04f708f04012a22757d57049ddaa2306ec5343aa10625455df8333229f1656dd,10773,native_acl/AnimeStudio.ACL/AnimeStudio.ACL.ZZZV2/acl/compression/impl/optimize_looping.transform.h
b5d77224a1b7de91f851488c35c0bf35ca32ba6f50be7c881d6b9a6041a49332,3991,native_acl/AnimeStudio.ACL/AnimeStudio.ACL.ZZZV2/acl/compression/impl/pre_process.common.h
d6a28dac878377eec50d7064355a24913d82092bdd2e9c52c7b711504bda3695,9568,native_acl/AnimeStudio.ACL/AnimeStudio.ACL.ZZZV2/acl/compression/impl/pre_process.impl.h
1dc6fb5d1391c9c4d6286b07fdeb0f4f01b81d4123201be57fc0cc3c5e20621b,4066,native_acl/AnimeStudio.ACL/AnimeStudio.ACL.ZZZV2/acl/compression/impl/pre_process.scalar.h
f8a290e3815da567daec5882dd6a8583624db16e9f09ff93deca7fb5b41f09f7,14568,native_acl/AnimeStudio.ACL/AnimeStudio.ACL.ZZZV2/acl/compression/impl/pre_process.transform.h
099513419304e732a8d442fc8e2ad633ae1ad8edd0ae549eb486f108bf95e1a8,7629,native_acl/AnimeStudio.ACL/AnimeStudio.ACL.ZZZV2/acl/compression/impl/quantize.scalar.h
0712aa95c1f502727c521222ae1e5f34fbb05882ab527f7d4f1058b224fe6484,99938,native_acl/AnimeStudio.ACL/AnimeStudio.ACL.ZZZV2/acl/compression/impl/quantize.transform.h
c83e95ffb08c5951a26015f239c8d6a3cc5cc08b9abd3f0479fac992a97f2780,14759,native_acl/AnimeStudio.ACL/AnimeStudio.ACL.ZZZV2/acl/compression/impl/rigid_shell_utils.h
4e260a815c0d945f797513ea1bbd74d6f035c3b0a01c8da84138d8e2e6effcad,27181,native_acl/AnimeStudio.ACL/AnimeStudio.ACL.ZZZV2/acl/compression/impl/sample_streams.h
b6684e4b180090c3a9ca9c9d9afed88232bcc344c509707e85a9788c840f6d0c,12065,native_acl/AnimeStudio.ACL/AnimeStudio.ACL.ZZZV2/acl/compression/impl/segment.transform.h
c9c4c5f9935b7e07a8a34cd1b7e9e6f364845dc886dad2a2d86ef7f8a94e17f9,5167,native_acl/AnimeStudio.ACL/AnimeStudio.ACL.ZZZV2/acl/compression/impl/segment_context.h
b21860a5b05473a72832c6b58fcf5ac9f875e9e0a21eb2c3cae4d3e65b8ffca7,13152,native_acl/AnimeStudio.ACL/AnimeStudio.ACL.ZZZV2/acl/compression/impl/track.impl.h
1552c8f568a7478b84c620a01b1aabac5f5997759defd4f5eee5e13f78c93c33,20506,native_acl/AnimeStudio.ACL/AnimeStudio.ACL.ZZZV2/acl/compression/impl/track_array.impl.h
36400d4067210ec286eb39cdf498e8f5393bb3d35fd015649a87d1d7c20ec2cf,36720,native_acl/AnimeStudio.ACL/AnimeStudio.ACL.ZZZV2/acl/compression/impl/track_bit_rate_database.h
2e51a9b8f420abe87e16d884ad57eca338740769c1a908ff6575a46e2a21f28d,37178,native_acl/AnimeStudio.ACL/AnimeStudio.ACL.ZZZV2/acl/compression/impl/track_error.impl.h
552620aed52cc25cd9f79e614a233c0caac8048b721f9387c31d07c3f895dc70,9628,native_acl/AnimeStudio.ACL/AnimeStudio.ACL.ZZZV2/acl/compression/impl/track_list_context.h
e16de4986f92900335ed1090689a40c4690a8828f4fe36a3cec2aec29e482e1e,4053,native_acl/AnimeStudio.ACL/AnimeStudio.ACL.ZZZV2/acl/compression/impl/track_range.h
ad39b3286b549d842164f2851b981be9e6fca924dd66c0c5742ef2e349f2ee1e,3062,native_acl/AnimeStudio.ACL/AnimeStudio.ACL.ZZZV2/acl/compression/impl/track_range_impl.h
e094c3c83df573771162eb37651a8b6154941b8a543257b8b125e7d5dd7136bb,17218,native_acl/AnimeStudio.ACL/AnimeStudio.ACL.ZZZV2/acl/compression/impl/track_stream.h
e71ace7ee45e67c6277888a4c71811956aceeaa8b92b9137a71a303bcb3e4f37,720605,native_acl/AnimeStudio.ACL/AnimeStudio.ACL.ZZZV2/acl/compression/impl/transform_bit_rate_permutations.h
291ba5b7e772ed61a83d5b652a3c1fe7543e89559bf5aedbc96bc1305ad3eabe,10348,native_acl/AnimeStudio.ACL/AnimeStudio.ACL.ZZZV2/acl/compression/impl/transform_clip_adapters.h
eba506bff9c6c1488e9d331ce4b652fa372cced10caddc1c242dfea4fc3afa9b,3060,native_acl/AnimeStudio.ACL/AnimeStudio.ACL.ZZZV2/acl/compression/impl/write_compression_stats_impl.h
22ea74a25a9018b7c188ade94bbc26a840184233df7743d4cab1cbcf3fdaa2ce,15963,native_acl/AnimeStudio.ACL/AnimeStudio.ACL.ZZZV2/acl/compression/impl/write_range_data.h
5d429ce1bffcf233c09c9100b4e5db3c2e60e2b042d058d709a3c2acb2ddc889,7951,native_acl/AnimeStudio.ACL/AnimeStudio.ACL.ZZZV2/acl/compression/impl/write_segment_data.h
994fd106327a1001ea88e71d39599f057ccd3445047aa806d6980dab654722a4,29217,native_acl/AnimeStudio.ACL/AnimeStudio.ACL.ZZZV2/acl/compression/impl/write_stats.h
ee3e802b26c4e33ade27731adaf879e9005bb77aad5aa7ca93682d4f0708af8f,23981,native_acl/AnimeStudio.ACL/AnimeStudio.ACL.ZZZV2/acl/compression/impl/write_stream_data.h
5787fd2ce6e15e47941525175d8208420ea238c2b1a65bbaf941deb47960b422,5641,native_acl/AnimeStudio.ACL/AnimeStudio.ACL.ZZZV2/acl/compression/impl/write_sub_track_types.h
895a3ccaa786f717c18ef0825feb5228363d058f64b174f6ddfd7da5d0ea6b86,7273,native_acl/AnimeStudio.ACL/AnimeStudio.ACL.ZZZV2/acl/compression/impl/write_track_data_impl.h
04ac9afa93f7618a8873f6ab998fe75879283b6f225cfe97c20a5335fac7e967,8432,native_acl/AnimeStudio.ACL/AnimeStudio.ACL.ZZZV2/acl/compression/impl/write_track_metadata.h
916628ff8a883d40a688304074cf2754e303e74b7ea402c7d1e0fcfad43d0290,2017,native_acl/AnimeStudio.ACL/AnimeStudio.ACL.ZZZV2/acl/compression/output_stats.h
337196e14c12193f41da35851f62d918a80e282aaf23f1d3e85cabc619fa330f,6201,native_acl/AnimeStudio.ACL/AnimeStudio.ACL.ZZZV2/acl/compression/pre_process.h
c815fcd56b37d468be4b4a40765d329e3cf76d0a4af7d4fd70cbb029af1974f6,17396,native_acl/AnimeStudio.ACL/AnimeStudio.ACL.ZZZV2/acl/compression/track.h
263f827a549721ec6ea215be37e182213eb2702dd2beea0f3c511761141264eb,15024,native_acl/AnimeStudio.ACL/AnimeStudio.ACL.ZZZV2/acl/compression/track_array.h
961391fd45835b6427687da55fec45ca84ba5f1b45f116cd4ad9ea8fe3d194c3,5796,native_acl/AnimeStudio.ACL/AnimeStudio.ACL.ZZZV2/acl/compression/track_error.h
7418cc30c6e33d7e57eb2df9766d807641685378ae289d341299beb8b6201911,25646,native_acl/AnimeStudio.ACL/AnimeStudio.ACL.ZZZV2/acl/compression/transform_error_metrics.h
a7be1afe75ec20838756dbd02113fbd9d32b4a5055be60b41fe2a324230fda4f,3207,native_acl/AnimeStudio.ACL/AnimeStudio.ACL.ZZZV2/acl/compression/transform_pose_utils.h
d0d8bb034a341256e55c48d0c47da5a53da7d565500ae6810d75a211887d8336,8460,native_acl/AnimeStudio.ACL/AnimeStudio.ACL.ZZZV2/acl/core/additive_utils.h
b1ba8fd60cba4503e95a9f89fdecbef5417d4f1d20f41af840b74ba757e40ef7,4303,native_acl/AnimeStudio.ACL/AnimeStudio.ACL.ZZZV2/acl/core/algorithm_types.h
3534baa6899f5ea7de263dfd81d72416754c46dc7432add036358e31b4076598,7866,native_acl/AnimeStudio.ACL/AnimeStudio.ACL.ZZZV2/acl/core/ansi_allocator.h
e9b9c067efa872d409c38966c01195fcad254cd2aa6ef7e8d27888a4e34142e6,7668,native_acl/AnimeStudio.ACL/AnimeStudio.ACL.ZZZV2/acl/core/bit_manip_utils.h
0d1b6f4f274b09b852d12d662336b6f96605e5a0984b07ab99cf99a5bfb26704,8875,native_acl/AnimeStudio.ACL/AnimeStudio.ACL.ZZZV2/acl/core/bitset.h
11b2edff773bf0e101d7a1b12bcdb7d8841ed336a2d5c065ebeb93efd8efe4de,2306,native_acl/AnimeStudio.ACL/AnimeStudio.ACL.ZZZV2/acl/core/buffer_tag.h
8f2fdb2a893478857efef3d72484c0389e2243273e2b5179ec0e71100106ef88,8476,native_acl/AnimeStudio.ACL/AnimeStudio.ACL.ZZZV2/acl/core/compressed_database.h
5b36bce0bd0e8bef13acfcc88c43cb162e95938704d129e1ca40f7e349b4ca7e,10907,native_acl/AnimeStudio.ACL/AnimeStudio.ACL.ZZZV2/acl/core/compressed_tracks.h
38c59b04e01d5d12faeae95eb8cdb6a456fc78976de80acbfc5e25cb2dfdb67e,3909,native_acl/AnimeStudio.ACL/AnimeStudio.ACL.ZZZV2/acl/core/compressed_tracks_version.h
d4df74df668e91100e869f8728fcfc4d7c4f3268687d556a7ee60220bf75a0ba,4640,native_acl/AnimeStudio.ACL/AnimeStudio.ACL.ZZZV2/acl/core/enum_utils.h
03cd69ede2162698b2982132511f63651839acf4254023cdb6727f42c4e3c2c8,6887,native_acl/AnimeStudio.ACL/AnimeStudio.ACL.ZZZV2/acl/core/error.h
1a004f691d05f6852b54d6eca77676cc1f0d3cee0c6168ea66eb8870b0101a96,2344,native_acl/AnimeStudio.ACL/AnimeStudio.ACL.ZZZV2/acl/core/error_result.h
b516e4042f4110570fcc85551588407c4df7b7408e8ca5b871ef07a046c4c534,5679,native_acl/AnimeStudio.ACL/AnimeStudio.ACL.ZZZV2/acl/core/floating_point_exceptions.h
0b10296aea4c53f7934d63ee442729756aa770abe325f2e11fca66850d0e07de,4518,native_acl/AnimeStudio.ACL/AnimeStudio.ACL.ZZZV2/acl/core/fwd.h
616bf04f513d85d63490f6e2f601aaa80ec2c8eed169b5c911e60fdd43c11194,5696,native_acl/AnimeStudio.ACL/AnimeStudio.ACL.ZZZV2/acl/core/hash.h
b57fd286096e1f6c1ccd0b743eec7189b0a079b2d2b3d5f178b01ee51dc89c4e,6225,native_acl/AnimeStudio.ACL/AnimeStudio.ACL.ZZZV2/acl/core/iallocator.h
4430ac82a64b3fc59239368850cc601931e3fa71c4baedbfd2d96ebf61db0ccb,2448,native_acl/AnimeStudio.ACL/AnimeStudio.ACL.ZZZV2/acl/core/impl/atomic.impl.h
befc3863fd757558238ea85f96f3906eb0cb490ce93c307c78054f6909aecd98,1920,native_acl/AnimeStudio.ACL/AnimeStudio.ACL.ZZZV2/acl/core/impl/bit_cast.impl.h
da7bd0048514f8baed4a74d6378281f46eda88e06b84639baa98974616f3d54e,5354,native_acl/AnimeStudio.ACL/AnimeStudio.ACL.ZZZV2/acl/core/impl/compiler_utils.h
9e632e9df6754b1bd69f84873598633a5317de19b5adeeafac1911a1c5ce8f67,7928,native_acl/AnimeStudio.ACL/AnimeStudio.ACL.ZZZV2/acl/core/impl/compressed_database.impl.h
e83418cd1b27af9a0b7334fe8dbea61e5ffc9559e52fd6cb15706ca76cf2cb37,35314,native_acl/AnimeStudio.ACL/AnimeStudio.ACL.ZZZV2/acl/core/impl/compressed_headers.h
380364f80cf07d935c0cf630cca7b47b97b4fe8234f077471e68d9496a9d100e,14457,native_acl/AnimeStudio.ACL/AnimeStudio.ACL.ZZZV2/acl/core/impl/compressed_tracks.impl.h
421f24b133ddff56e69c2522e314c889266fe8f654fa5bd5722711131d84e8cd,13478,native_acl/AnimeStudio.ACL/AnimeStudio.ACL.ZZZV2/acl/core/impl/debug_track_writer.h
e6751dd07de861602bca4df232e0d22c4710e2c6c129efd52b626af0268127a2,13015,native_acl/AnimeStudio.ACL/AnimeStudio.ACL.ZZZV2/acl/core/impl/interpolation_utils.impl.h
55d4b3b115dad9e7afdda8bd6c70d42a5f6ba194e25feeda3e42858adcd7eafe,5133,native_acl/AnimeStudio.ACL/AnimeStudio.ACL.ZZZV2/acl/core/impl/time_utils.impl.h
7ff94773536918d2fd87c61ac53cb0dafe5ec23799cbc90d80fa14ed872f40fd,2471,native_acl/AnimeStudio.ACL/AnimeStudio.ACL.ZZZV2/acl/core/impl/track_desc.impl.h
34c916a654e100e0a2a5c4c7a7c03e6dbd980fb1580327fa372d35af13ad1648,5841,native_acl/AnimeStudio.ACL/AnimeStudio.ACL.ZZZV2/acl/core/impl/track_formats.impl.h
c9350a8b0d5cfe919c39feb5b2c7b102a85453f5a67a22a1e8c0fb21f6aff505,2892,native_acl/AnimeStudio.ACL/AnimeStudio.ACL.ZZZV2/acl/core/impl/variable_bit_rates.h
9ab07623bcbb711a7593b5a0165545e8810d76d7a3ad58bd0c03e6980579295e,5806,native_acl/AnimeStudio.ACL/AnimeStudio.ACL.ZZZV2/acl/core/interpolation_utils.h
3f6b748a308e666596ddb6e495ad72d3a4e0b87e91f4ccf3f6bb1a1a3405c54f,5129,native_acl/AnimeStudio.ACL/AnimeStudio.ACL.ZZZV2/acl/core/iterator.h
bf351516e7ce440e06ee102ed9f081cbc00392e5189d9fdfe524c57284c78d42,13305,native_acl/AnimeStudio.ACL/AnimeStudio.ACL.ZZZV2/acl/core/memory_utils.h
e8b8cddcd976627cb2d028e62964d615d8483429fe20f005f2ee98a568a73d61,6308,native_acl/AnimeStudio.ACL/AnimeStudio.ACL.ZZZV2/acl/core/ptr_offset.h
da614c1d7b4c9aca0f443c3d73d9add983cd4460a75df1f6ad889b59aa004e59,2412,native_acl/AnimeStudio.ACL/AnimeStudio.ACL.ZZZV2/acl/core/quality_tiers.h
15c7d623a8fed83731eba62dca56975c8cea2b909f5ea3e246c7467afc58174c,4298,native_acl/AnimeStudio.ACL/AnimeStudio.ACL.ZZZV2/acl/core/range_reduction_types.h
fcddcfff602a597c1ea2c26195b77993c98b48d6fabac9b369362513dba426a2,4053,native_acl/AnimeStudio.ACL/AnimeStudio.ACL.ZZZV2/acl/core/sample_looping_policy.h
7ea31cdf95132492bf2e16c94efe37fb980360fb71d9fc9b61640746530a7453,6171,native_acl/AnimeStudio.ACL/AnimeStudio.ACL.ZZZV2/acl/core/sample_rounding_policy.h
70890fafd423ac25ea7ba9566b4f703f5ce4d2222d9c6836baa6452ce7d8bb29,4242,native_acl/AnimeStudio.ACL/AnimeStudio.ACL.ZZZV2/acl/core/scope_profiler.h
4ee0e5c294a4441a0e69d714569513c784029badf66e9a1ff4315af3e9b7ddaf,5171,native_acl/AnimeStudio.ACL/AnimeStudio.ACL.ZZZV2/acl/core/string.h
42c4d92f729cb983ab98487d981e577a17b996c68d6cc305d2b4a13c94200dee,3761,native_acl/AnimeStudio.ACL/AnimeStudio.ACL.ZZZV2/acl/core/time_utils.h
e08bf64a7894639383e070472f9dd7cfcc0d49ddc1dfe3ba09c779ed14361a05,8923,native_acl/AnimeStudio.ACL/AnimeStudio.ACL.ZZZV2/acl/core/track_desc.h
7b163634231284074e51f3bd55e20abed0c2152f6d7f8477b2343fa5f52c9054,5023,native_acl/AnimeStudio.ACL/AnimeStudio.ACL.ZZZV2/acl/core/track_formats.h
3f16cc2f7b2f0611767be98e7fe8a70f790d9cecb1a0225deb402904a4887bed,4066,native_acl/AnimeStudio.ACL/AnimeStudio.ACL.ZZZV2/acl/core/track_traits.h
b3c93d3976c981119291009473416d11f3ff308443ba75666eb57ad09f76a31a,6646,native_acl/AnimeStudio.ACL/AnimeStudio.ACL.ZZZV2/acl/core/track_types.h
f69bc3d5ceda2a7154b3fcfa85ee4fc4ddda7e7737a6efe0c8423d6183bda5d9,10010,native_acl/AnimeStudio.ACL/AnimeStudio.ACL.ZZZV2/acl/core/track_writer.h
d2c7e77e32eab0e03438856f6d2f24c56ab7b4120011913a035b70064d558dc0,3064,native_acl/AnimeStudio.ACL/AnimeStudio.ACL.ZZZV2/acl/core/unique_ptr.h
776f28b52ca394c0d9edc1803daf2f546c1f65a0c07ca0e3e472137593ab50cf,1860,native_acl/AnimeStudio.ACL/AnimeStudio.ACL.ZZZV2/acl/core/utils.h
5ca0dfff2a690d213caaa53f6ffd54bf5dfd5d332acae202d4b7f422dc4369b7,3266,native_acl/AnimeStudio.ACL/AnimeStudio.ACL.ZZZV2/acl/core/variable_bit_rates.h
37a6867c6fa770a2dc09b070e17c55f7b7e15e0386c543750d7a1b4c3f3694da,9287,native_acl/AnimeStudio.ACL/AnimeStudio.ACL.ZZZV2/acl/decompression/database/database.h
8132397c04749c716b4bb141ab1f8b3e741b63e715779a579e9ff0e3584ca77a,3745,native_acl/AnimeStudio.ACL/AnimeStudio.ACL.ZZZV2/acl/decompression/database/database_settings.h
d0a510b21e5d70a0e8f04aaea75c0d4b604209d41f33c5e9eb1a04c37e952012,8174,native_acl/AnimeStudio.ACL/AnimeStudio.ACL.ZZZV2/acl/decompression/database/database_streamer.h
69547c6f651d5307a88bc9a8918a94f08226c8eab98b046ffd776134b6ea026a,30081,native_acl/AnimeStudio.ACL/AnimeStudio.ACL.ZZZV2/acl/decompression/database/impl/database.impl.h
6032a6e2715d518e9171b4f62470956990caaf297d5e8c42e1f893b88103607a,3556,native_acl/AnimeStudio.ACL/AnimeStudio.ACL.ZZZV2/acl/decompression/database/impl/database_context.h
646dcb09315e2bd2353a776ffed865fafbcd8b6f519a1faff3b4f4a46ae10037,9186,native_acl/AnimeStudio.ACL/AnimeStudio.ACL.ZZZV2/acl/decompression/database/impl/database_streamer.impl.h
f88093cad01259fbdc943273a972fbed495177612cc371a15aafe9a32c3eb5f6,5080,native_acl/AnimeStudio.ACL/AnimeStudio.ACL.ZZZV2/acl/decompression/database/impl/debug_database_streamer.h
787e1551d8a1307cf3f24fc614e6cdc7e91d7267542e0eb115e04e9cb4603599,4248,native_acl/AnimeStudio.ACL/AnimeStudio.ACL.ZZZV2/acl/decompression/database/null_database_streamer.h
cf3914dad72db8ba86f84461017119b21aca65ea9e85fa7025ee2cc45b511bfc,11450,native_acl/AnimeStudio.ACL/AnimeStudio.ACL.ZZZV2/acl/decompression/decompress.h
66011c51e1f09e75be6e1429638b858d920e33c4f6c6cfad492027ce4fbdfe2e,13268,native_acl/AnimeStudio.ACL/AnimeStudio.ACL.ZZZV2/acl/decompression/decompression_settings.h
b0d013e9c4196c7b1ee5de2b31f2d81ff09663a759d6b0d0d45ea44eb086227d,2624,native_acl/AnimeStudio.ACL/AnimeStudio.ACL.ZZZV2/acl/decompression/fwd.h
c90d77d755a90a6c4834f9a6a1308e2895dec67f8a35aad33d230e1c52359ced,118638,native_acl/AnimeStudio.ACL/AnimeStudio.ACL.ZZZV2/acl/decompression/impl/animated_track_cache.transform.h
d8e27f979b095c90f6f1bdad54fb5896492fba4236d1952d431a1c623fee64d7,15365,native_acl/AnimeStudio.ACL/AnimeStudio.ACL.ZZZV2/acl/decompression/impl/constant_track_cache.transform.h
86516781791b2de66343e74c571890acd69ad34e6216230b44025f59ff49b5fd,10512,native_acl/AnimeStudio.ACL/AnimeStudio.ACL.ZZZV2/acl/decompression/impl/decompress.impl.h
3d5cc52b071692a4bde34531a8d4634629d8f99a088febe46fae2be7277774ac,33986,native_acl/AnimeStudio.ACL/AnimeStudio.ACL.ZZZV2/acl/decompression/impl/decompression.hoyo.h
f97bf4f5e94f6b72f66e0a033b3c3b0d65dd224a301f7005a20aba9628136d2c,30661,native_acl/AnimeStudio.ACL/AnimeStudio.ACL.ZZZV2/acl/decompression/impl/decompression.scalar.h
4172d18969a53f2e8d9a00155bcbc3eb9efd1f87330fdb228fca1f1e4e5e7d62,96527,native_acl/AnimeStudio.ACL/AnimeStudio.ACL.ZZZV2/acl/decompression/impl/decompression.transform.h
7eaeed43ad10f3e36de54d18bbf802173cbe24e5320672f23198e1608ac5bd78,12211,native_acl/AnimeStudio.ACL/AnimeStudio.ACL.ZZZV2/acl/decompression/impl/decompression.universal.h
3a338fafefcee1648804989d2c4f087c01cd55fed8d0b213a0fb30b304593911,1549,native_acl/AnimeStudio.ACL/AnimeStudio.ACL.ZZZV2/acl/decompression/impl/decompression_context.hoyo.h
14a559614433907c53b485b9697ac1ef856059acbbc732c5abf6fbe96293ddd7,10648,native_acl/AnimeStudio.ACL/AnimeStudio.ACL.ZZZV2/acl/decompression/impl/decompression_context.transform.h
2b6a9d3da3d2dda234c0d989a2af1915000ebf99c48043cd284e14b52f8bec75,3009,native_acl/AnimeStudio.ACL/AnimeStudio.ACL.ZZZV2/acl/decompression/impl/decompression_context_selector.h
1aebf30f7f111692b4b630e2e90e641ed6a9aec13ae48a17b4cddf21b6d8c645,12842,native_acl/AnimeStudio.ACL/AnimeStudio.ACL.ZZZV2/acl/decompression/impl/decompression_version_selector.h
46e4266e6596a600899ee640e7886bf6bb178a4155da8a8ae5dfa29276a15839,3622,native_acl/AnimeStudio.ACL/AnimeStudio.ACL.ZZZV2/acl/decompression/impl/track_cache.h
f845f44eee4640bf74e11f06b4ae526bc5b0c635eef63ad2e6cbaf66a75b5a45,1894,native_acl/AnimeStudio.ACL/AnimeStudio.ACL.ZZZV2/acl/fwd.h
5da8c907f9c06bf38245851f0e62d7b56ad3080bb4ba9a6bd1c0b36521d91941,39937,native_acl/AnimeStudio.ACL/AnimeStudio.ACL.ZZZV2/acl/io/clip_reader.h
bfb8d5b828c91ce93203f432328e4465d60b8d0f23c31f2d65ee7e7f9f12a411,3008,native_acl/AnimeStudio.ACL/AnimeStudio.ACL.ZZZV2/acl/io/clip_reader_error.h
d233173af0fd6c6c66ac2b991b7a89da06637a2cd912c2de1871baf858e02c6b,15988,native_acl/AnimeStudio.ACL/AnimeStudio.ACL.ZZZV2/acl/io/clip_writer.h
09e703a794bca2a8730aa10c8deae50ea2cc02e5874677adf8e49d2edf20baff,2039,native_acl/AnimeStudio.ACL/AnimeStudio.ACL.ZZZV2/acl/io/fwd.h
20373a2a5271689de8d11eac1959382bdbd472562b761cdef0100ac2ccab3a14,4067,native_acl/AnimeStudio.ACL/AnimeStudio.ACL.ZZZV2/acl/math/quat_packing.h
ae7c152b1f737af389b68d65a2fdf7748c0f1c0add9309b10882208ca643562b,11360,native_acl/AnimeStudio.ACL/AnimeStudio.ACL.ZZZV2/acl/math/quatf.h
5eac28366569bfc7eaab5ccbdbfc4775218f4f3b20c6e199b2ed87f4cd9c1054,1715,native_acl/AnimeStudio.ACL/AnimeStudio.ACL.ZZZV2/acl/math/qvvf.h
3b89ecc6ec4fde80731f1e1868dc283b56341f83464b407ba46267818e0e7601,7235,native_acl/AnimeStudio.ACL/AnimeStudio.ACL.ZZZV2/acl/math/scalar_packing.h
181c61cc88def479e5b862d2c3a56c0833438698860c2d966d5074919da5dadb,51206,native_acl/AnimeStudio.ACL/AnimeStudio.ACL.ZZZV2/acl/math/vector4_packing.h
329a475a65baa85dd0aea30337b7d4ce0e1cd358fc0af9c802a9562a76ee8d32,1719,native_acl/AnimeStudio.ACL/AnimeStudio.ACL.ZZZV2/acl/math/vector4f.h
0aef04f7a42dde4a2c17344ceaccdddc92b470537f07ec0a16892062ede44a9c,4311,native_acl/AnimeStudio.ACL/AnimeStudio.ACL.ZZZV2/acl/version.h
5d362684eddabec801da20200c3ab2fb8e809a04f6490bcc99b52a35fee5bf9d,433,native_acl/AnimeStudio.ACL/AnimeStudio.ACL.ZZZV2/dllmain.cpp
d7e3273aca06ee9a2b47ec7f96fbf06fd9301849ebf26ba54a441f8fcde36bd6,149,native_acl/AnimeStudio.ACL/AnimeStudio.ACL.ZZZV2/framework.h
b20ad711fa06e3ef62f8e3c626e13b3bdc69cff08c60c8b358f38b09e16c99ef,186,native_acl/AnimeStudio.ACL/AnimeStudio.ACL.ZZZV2/pch.cpp
ae8edb9ed44e84db3a64ff02bb4e053d661dc19474d8e284bda1c4d625744a0b,563,native_acl/AnimeStudio.ACL/AnimeStudio.ACL.ZZZV2/pch.h
e1ef127e52509a716e3c33d1510e59f663a67c7145a37ce2b0a4586ce265bc32,12908,native_acl/AnimeStudio.ACL/AnimeStudio.ACL.ZZZV2/rtm/camera_utilsd.h
524eddfe226372690304473ff14be5818d85536f0a3f4d300a44e27f7331afb1,12943,native_acl/AnimeStudio.ACL/AnimeStudio.ACL.ZZZV2/rtm/camera_utilsf.h
20ed7b123181a9b2ed556496c7626f4fd56251f17c010047bcc3a8c87536a1a5,13074,native_acl/AnimeStudio.ACL/AnimeStudio.ACL.ZZZV2/rtm/constants.h
64f9bb39a442cd205d895ab9e767fe03c8b37a5b8a65e7b3a85d16ca1824cec7,1910,native_acl/AnimeStudio.ACL/AnimeStudio.ACL.ZZZV2/rtm/fwd.h
be05aeb73f0ad4e8a6e999c1454d2594cc81dcc1e77c0b0bb5dd79117e187031,2209,native_acl/AnimeStudio.ACL/AnimeStudio.ACL.ZZZV2/rtm/impl/bit_cast.impl.h
1ca6b6414aee135bafcaa3df29ca2fd15b085131da294ca422cf581f77125e77,3284,native_acl/AnimeStudio.ACL/AnimeStudio.ACL.ZZZV2/rtm/impl/cmath.impl.h
86fd7f20aa3c33c09974f43d6290e6e6f2622396e79c75d0ca3ef23d4430a4c5,4350,native_acl/AnimeStudio.ACL/AnimeStudio.ACL.ZZZV2/rtm/impl/compiler_utils.h
9532bb206f1edb35b4f19b0c8fc9889bd11b6d4c34f95ecf4759f814e2b53c80,1824,native_acl/AnimeStudio.ACL/AnimeStudio.ACL.ZZZV2/rtm/impl/detect_arch.h
e0d3c96c77d23f981e4098c3c10201686beccee9ba451995da19f941d322992d,2103,native_acl/AnimeStudio.ACL/AnimeStudio.ACL.ZZZV2/rtm/impl/detect_compiler.h
6d4d8c0bc60dc1e2d299b494ff9b6381c4fc4b30c0dc4670715960fd603deea4,2181,native_acl/AnimeStudio.ACL/AnimeStudio.ACL.ZZZV2/rtm/impl/detect_cpp_version.h
39b6724f9a0f48a0e243b342a462e95bf86c9fd7fc9cdbfb3f970de083aa5915,5821,native_acl/AnimeStudio.ACL/AnimeStudio.ACL.ZZZV2/rtm/impl/detect_features.h
7b9bbe42009f21c846e1a73e6952c4100c82030a396597513d3f7a0884da43e7,7234,native_acl/AnimeStudio.ACL/AnimeStudio.ACL.ZZZV2/rtm/impl/error.h
1e9cada800c6d2019813580730b130a78b33879b5518f96a1d5e1b4db71400b6,11738,native_acl/AnimeStudio.ACL/AnimeStudio.ACL.ZZZV2/rtm/impl/macros.mask4.impl.h
bb81e643dc674b4e2899544a04b9705b86669de52c0cd0ab6790acdb59d5ad2a,16760,native_acl/AnimeStudio.ACL/AnimeStudio.ACL.ZZZV2/rtm/impl/macros.matrix.impl.h
7232221ed9971760a0f6da0dbd5eb1ca64af31574f2a702f8f9e442ede503401,12989,native_acl/AnimeStudio.ACL/AnimeStudio.ACL.ZZZV2/rtm/impl/macros.vector4.impl.h
8a13c1aa7040ac8d8e3824f544fd487e58f5cb9882580376980b44d2abf629e6,11753,native_acl/AnimeStudio.ACL/AnimeStudio.ACL.ZZZV2/rtm/impl/mask_common.h
022e977b19c33ac8bf4161f406578f79f37c057694cba9050b4f52d5788ff45d,17599,native_acl/AnimeStudio.ACL/AnimeStudio.ACL.ZZZV2/rtm/impl/matrix_affine_common.h
4dd376b2b0e63cc6e1a2d1d321e51cb7cb370249d046e53172f11c96f51a2742,13643,native_acl/AnimeStudio.ACL/AnimeStudio.ACL.ZZZV2/rtm/impl/matrix_cast.h
ea203d15f21408097e2ec6ce81421bc6a819bcce8b6d4184c2f863cd55aae83f,8131,native_acl/AnimeStudio.ACL/AnimeStudio.ACL.ZZZV2/rtm/impl/matrix_common.h
a902c23099c1c82f9f2b0875e2b866dc81f9fc33f9190fec80b7e4ffdbbcf943,12271,native_acl/AnimeStudio.ACL/AnimeStudio.ACL.ZZZV2/rtm/impl/memory_utils.h
6b3a2e53d725b5b2c6a103bd39b25601730f2526f4ab4fcadc387d5c000b1c3b,3819,native_acl/AnimeStudio.ACL/AnimeStudio.ACL.ZZZV2/rtm/impl/quat_common.h
c1d0489da8f5b1fd026a4163813b61ee192e513b6b1bee2cb4022b9693e8fa15,3710,native_acl/AnimeStudio.ACL/AnimeStudio.ACL.ZZZV2/rtm/impl/qv_common.h
82a5fe7a59cc139c10032628734c9a865b43feee2689ca6e46c47cea0edc1a9b,5060,native_acl/AnimeStudio.ACL/AnimeStudio.ACL.ZZZV2/rtm/impl/qvs_common.h
8e8ae3aad1a2a9fea8e4fe247a4cf831d874347ed993c9560bcb875f2e34c8bc,3707,native_acl/AnimeStudio.ACL/AnimeStudio.ACL.ZZZV2/rtm/impl/qvv_common.h
54a57d792e10aee38c541d550c360715fcbaf492230de7362630f75426dd3f99,4969,native_acl/AnimeStudio.ACL/AnimeStudio.ACL.ZZZV2/rtm/impl/scalar_common.h
0552634ea91639b6746f95aa3e4d34938ae12f73d33fd8cf47a5c091c9efa439,2087,native_acl/AnimeStudio.ACL/AnimeStudio.ACL.ZZZV2/rtm/impl/type_args.h
0369be23ce8ead3d403b65e1b6063ec5ae3ed8df9845962e0e43f177784eb9f4,6665,native_acl/AnimeStudio.ACL/AnimeStudio.ACL.ZZZV2/rtm/impl/type_args.neon.impl.h
5d00052b1529b68898b9d499a995f87dd65863b9fae81d0b525fb1014be38a6b,6783,native_acl/AnimeStudio.ACL/AnimeStudio.ACL.ZZZV2/rtm/impl/type_args.neon64.impl.h
6c9b1deb508d154eb4e9f13bc4c6507ab6687af90b3288b9de49a879f8a6d520,6400,native_acl/AnimeStudio.ACL/AnimeStudio.ACL.ZZZV2/rtm/impl/type_args.other.impl.h
1161726e0defaeff3be07a19ef3773b74b1f365e9fd7e7db0d76122034e75018,6699,native_acl/AnimeStudio.ACL/AnimeStudio.ACL.ZZZV2/rtm/impl/type_args.vectorcall.impl.h
8bf46c91d6eb91deca69cbd0e11cb66f80e12c3a81b9cd1ed8ec9e418dfc1bb2,7096,native_acl/AnimeStudio.ACL/AnimeStudio.ACL.ZZZV2/rtm/impl/type_args.x64_clang.impl.h
ed90aafe23ec959f72f5eba1ac2f3c0e950bf8c2dea8fd15e31c6942a7f8c55e,6696,native_acl/AnimeStudio.ACL/AnimeStudio.ACL.ZZZV2/rtm/impl/type_args.x64_gcc.impl.h
471acb75b5da4b67fbe27111900f6324dce98e9374611b8118797a7b09c8053a,29594,native_acl/AnimeStudio.ACL/AnimeStudio.ACL.ZZZV2/rtm/impl/vector_common.h
b599e5b7aa9bd6bd14e29eceeb649fa57c78888071d1d0d3053036f2b14f9363,1473,native_acl/AnimeStudio.ACL/AnimeStudio.ACL.ZZZV2/rtm/macros.h
6af142a88187e01f04b863de2332e1c0683b760fae006c4db5261bb612046a65,16513,native_acl/AnimeStudio.ACL/AnimeStudio.ACL.ZZZV2/rtm/mask4d.h
8b1fe7013ecc7dcd59d398ed96be01659514fb74cdb911d490ee2ddf8a97ad64,15068,native_acl/AnimeStudio.ACL/AnimeStudio.ACL.ZZZV2/rtm/mask4f.h
1ec144463ed53071bc03b3d1e1158218399afbe09562f22a0ae1164933ff8bcf,17398,native_acl/AnimeStudio.ACL/AnimeStudio.ACL.ZZZV2/rtm/mask4i.h
b1e7b9ae298a15a2d92f848fbe788b08c4e6ded4f6bd9144f03d530d14a3bf02,14941,native_acl/AnimeStudio.ACL/AnimeStudio.ACL.ZZZV2/rtm/mask4q.h
e1463bb9950b9f7c50c42b2ca9f9a190438a165a770350a9e79379fcca49d515,4040,native_acl/AnimeStudio.ACL/AnimeStudio.ACL.ZZZV2/rtm/math.h
b95e3366367100a4c3b9d2177d50aeab2d9ba707d6f33bef962096df4e574cfb,24617,native_acl/AnimeStudio.ACL/AnimeStudio.ACL.ZZZV2/rtm/matrix3x3d.h
90b84e57ad6fb5384d5fb88d36cfff41a756b1252c2a376b41409a15ec78d640,24675,native_acl/AnimeStudio.ACL/AnimeStudio.ACL.ZZZV2/rtm/matrix3x3f.h
07ec50e64543fb145a0153f575bdf6b7b95f74aec18c48a1a27cad7adb0fd8bd,34821,native_acl/AnimeStudio.ACL/AnimeStudio.ACL.ZZZV2/rtm/matrix3x4d.h
70d69d3661c84741154f0c9dc1c9d21e303323ceeadcb98e2ceba1d966974412,34832,native_acl/AnimeStudio.ACL/AnimeStudio.ACL.ZZZV2/rtm/matrix3x4f.h
dc7c46ad787bc1f7985fc1243fbb26c0bc08fe76944c4efbda6b2a5bec11d386,31986,native_acl/AnimeStudio.ACL/AnimeStudio.ACL.ZZZV2/rtm/matrix4x4d.h
12d3c647f156c497b64d513af3f074784efc7cf714cd94a423edd1e3fcc0ebc4,29112,native_acl/AnimeStudio.ACL/AnimeStudio.ACL.ZZZV2/rtm/matrix4x4f.h
478dbcebc2a99537d3db0e7add7062944c14a613c5bb408fa3a99740c1d29b98,3488,native_acl/AnimeStudio.ACL/AnimeStudio.ACL.ZZZV2/rtm/packing/quatd.h
f60e14f68b72c0403de22b830c568ce68b88ebfbeab97a3652d5c3bcf99c5c3b,5928,native_acl/AnimeStudio.ACL/AnimeStudio.ACL.ZZZV2/rtm/packing/quatf.h
0c3f85db9a0a5938f66ec4aaaf6c2639ba856713e8252e3d9a2a2d1043ed4bf4,49059,native_acl/AnimeStudio.ACL/AnimeStudio.ACL.ZZZV2/rtm/quatd.h
603681d49853cf4aed6c90c6dd3b4b356fe6d0688e475ad5a3382a9b9c243732,72811,native_acl/AnimeStudio.ACL/AnimeStudio.ACL.ZZZV2/rtm/quatf.h
06e760d0cbfb0e7aae3dce2d64df1696ca27d1a4f38d3dcfb18c0aa1922d1c9b,15258,native_acl/AnimeStudio.ACL/AnimeStudio.ACL.ZZZV2/rtm/qvd.h
214a3ba42d258ffee9775c9e3d15cc2a4386461fcddeb9555f4cbb5f9db5ce45,15253,native_acl/AnimeStudio.ACL/AnimeStudio.ACL.ZZZV2/rtm/qvf.h
236bd622f13b9866c5cfbbc52e96820f4e0c646e5c1ef583d7674df2e738d406,24944,native_acl/AnimeStudio.ACL/AnimeStudio.ACL.ZZZV2/rtm/qvsd.h
11309c0fd5de8f94179b2ca27b53861f16a8199b0c1cc711a8d3cab1402393b9,24932,native_acl/AnimeStudio.ACL/AnimeStudio.ACL.ZZZV2/rtm/qvsf.h
0402bcde0b781ec2d7be569b18bfb186b17cc9ef17bfeb4c818b04f7c51a4339,29071,native_acl/AnimeStudio.ACL/AnimeStudio.ACL.ZZZV2/rtm/qvvd.h
86f0f88ff237105710a07e4494dfcbf831f332129774f784660287d2d0104630,29617,native_acl/AnimeStudio.ACL/AnimeStudio.ACL.ZZZV2/rtm/qvvf.h
629bc84ef2475fce147f763d0f0f5d1721e140f03b5f66f36ce61d24e2a63b55,46756,native_acl/AnimeStudio.ACL/AnimeStudio.ACL.ZZZV2/rtm/scalard.h
a50d7961ad69b455b42473ebd1165ba8678984bda9e8c0edb7d6be7da367766e,61764,native_acl/AnimeStudio.ACL/AnimeStudio.ACL.ZZZV2/rtm/scalarf.h
326b3eb2cdb20cf3d6c5e0200f17e86d720cbd3d83f526012a53d7aecf09dc4f,6856,native_acl/AnimeStudio.ACL/AnimeStudio.ACL.ZZZV2/rtm/type_traits.h
bc70a720d1441e48e4b59252b7405b8da10240cdfeee860a8363a98f74e4e60c,22365,native_acl/AnimeStudio.ACL/AnimeStudio.ACL.ZZZV2/rtm/types.h
cad261e358e0c5df8bcdc9e377419916bbd616c8e126316b37a06db06ac59b09,148525,native_acl/AnimeStudio.ACL/AnimeStudio.ACL.ZZZV2/rtm/vector4d.h
1a1d1373490ac0ae76fe47fac8d1b3ffb897d57ac2e77881cb94854f395bb83b,203441,native_acl/AnimeStudio.ACL/AnimeStudio.ACL.ZZZV2/rtm/vector4f.h
701df4972c958ec0f9dd71797bdd21a4ae149816c09259d9d1c30f004270ac23,4325,native_acl/AnimeStudio.ACL/AnimeStudio.ACL.ZZZV2/rtm/version.h
3ddaaba57d2f757d6cb09568fe1823949e45426d73f6baeb4ca8d8a2fe78121b,4012,native_acl/AnimeStudio.ACL/AnimeStudio.ACL.ZZZV2/spdlog/async.h
72bd9d919a549911f3aa3620472ce55e70935ac5e5aeba21a0bc40887825cf5f,2821,native_acl/AnimeStudio.ACL/AnimeStudio.ACL.ZZZV2/spdlog/async_logger-inl.h
6bb8528c33020e62b380ec1e3054491daecc6e13972d3f9b34b64ccbfd40cb53,2560,native_acl/AnimeStudio.ACL/AnimeStudio.ACL.ZZZV2/spdlog/async_logger.h
6f9aa40647fda08e2ad776598a7b5de1d1596ec9a73512c90c69504f6e347a2d,1219,native_acl/AnimeStudio.ACL/AnimeStudio.ACL.ZZZV2/spdlog/cfg/argv.h
d2afd153fe8a1b2826feb60ec62ea42811d1ca085471fda238d002fedf5bb1bc,1007,native_acl/AnimeStudio.ACL/AnimeStudio.ACL.ZZZV2/spdlog/cfg/env.h
46b9768f4521a81e6423825bc131d4056ff1845e63502a4a866e0daac555899e,3170,native_acl/AnimeStudio.ACL/AnimeStudio.ACL.ZZZV2/spdlog/cfg/helpers-inl.h
359b4175a464ae487c2e48c55be9abfcfe9f10599b99410d5d55df6ade7d588e,718,native_acl/AnimeStudio.ACL/AnimeStudio.ACL.ZZZV2/spdlog/cfg/helpers.h
c8c7db736c3fb61ccd84b1f5d5f9c748a1e3dbfe77a986bb820fcfe20da32751,2050,native_acl/AnimeStudio.ACL/AnimeStudio.ACL.ZZZV2/spdlog/common-inl.h
62bdfbe7c9d66836590f89fb116baaf87513c20e028e0f62dbaa714791d29e26,13053,native_acl/AnimeStudio.ACL/AnimeStudio.ACL.ZZZV2/spdlog/common.h
30891d3c75154cf278ac30dbce584bfa28dae17c0f93418c363483c7e9dc9431,2004,native_acl/AnimeStudio.ACL/AnimeStudio.ACL.ZZZV2/spdlog/details/backtracer-inl.h
e0d6f5f72d5936f0fddf681b590e87ee880a2ea40ed44551b8fdf59e0868a1e5,1165,native_acl/AnimeStudio.ACL/AnimeStudio.ACL.ZZZV2/spdlog/details/backtracer.h
0bc4025c81425023f4d58711d6aa6231a55ee606bb1fc88f4fb3e655e807e265,3377,native_acl/AnimeStudio.ACL/AnimeStudio.ACL.ZZZV2/spdlog/details/circular_q.h
3dced73dc2bc5eacc678eec34af6458f910740c8949fd1bc8449808d1345467a,603,native_acl/AnimeStudio.ACL/AnimeStudio.ACL.ZZZV2/spdlog/details/console_globals.h
80d9f430891e0c28207679e7040516d4519692ad5417175381c7fe22784ad0c5,4709,native_acl/AnimeStudio.ACL/AnimeStudio.ACL.ZZZV2/spdlog/details/file_helper-inl.h
b09a9a6543cc5703d0cdb054e15373a1d6619138f5e076a453f5830a1e2258ed,1758,native_acl/AnimeStudio.ACL/AnimeStudio.ACL.ZZZV2/spdlog/details/file_helper.h
d66b3ec0617a439ca7a4fd661046d5be54beed89c6fae2849d4d46c3f28ef8a9,4471,native_acl/AnimeStudio.ACL/AnimeStudio.ACL.ZZZV2/spdlog/details/fmt_helper.h
83e6c837a4f3094671d6745a835c718c5c0b922288be371a19429093ab856272,1396,native_acl/AnimeStudio.ACL/AnimeStudio.ACL.ZZZV2/spdlog/details/log_msg-inl.h
13a78b8cc0a8b71fd6a49633792f98453aeb8844d525d10bc55b22089a120281,1204,native_acl/AnimeStudio.ACL/AnimeStudio.ACL.ZZZV2/spdlog/details/log_msg.h
c4ca45a0401b17de9f57ea65462b44ea159d152d83bdd086ff675ef9e035456f,1668,native_acl/AnimeStudio.ACL/AnimeStudio.ACL.ZZZV2/spdlog/details/log_msg_buffer-inl.h
0d4b89aa2d47490f3d89d04fbba49cab751e696657f2857899f432a5919b9d26,935,native_acl/AnimeStudio.ACL/AnimeStudio.ACL.ZZZV2/spdlog/details/log_msg_buffer.h
f7949498a5d68c17a86abbccafd996ac98844e0d2a5287c0023c1e0b20a22ba4,5282,native_acl/AnimeStudio.ACL/AnimeStudio.ACL.ZZZV2/spdlog/details/mpmc_blocking_q.h
1377fde4b54417dca1b3d162d0f18c35f9418e1db91a333949952f1c877127b1,930,native_acl/AnimeStudio.ACL/AnimeStudio.ACL.ZZZV2/spdlog/details/null_mutex.h
1b9afac4f0fd1996448b8831af058bb812f33c4969894f87c9f31b8a9b0ff27f,18760,native_acl/AnimeStudio.ACL/AnimeStudio.ACL.ZZZV2/spdlog/details/os-inl.h
e563c3726d234e89d6944c55f84e521205a8460f795820778c2a9b9be17f755c,4110,native_acl/AnimeStudio.ACL/AnimeStudio.ACL.ZZZV2/spdlog/details/os.h
298c84f55ac417e43974d044f5055364b4aa59fec9d2c8d24a001b73f79ae113,620,native_acl/AnimeStudio.ACL/AnimeStudio.ACL.ZZZV2/spdlog/details/periodic_worker-inl.h
5e514551070364a20f35b076b83820a7e577b3b23f66aa254d8bd9ea0b8c7b17,1813,native_acl/AnimeStudio.ACL/AnimeStudio.ACL.ZZZV2/spdlog/details/periodic_worker.h
006ff6ed2150e3c1e575bbc935016d4d623fd730bdf347a94d9d144aac29c867,8897,native_acl/AnimeStudio.ACL/AnimeStudio.ACL.ZZZV2/spdlog/details/registry-inl.h
dd323eb0c7bf08c15899db8db4210255051462246351e1c1214e5b126f66c95b,4464,native_acl/AnimeStudio.ACL/AnimeStudio.ACL.ZZZV2/spdlog/details/registry.h
3fcfcc28aa4edc2998e9e00d218362600605b89e0c58ebf2c7267950412e1cdc,751,native_acl/AnimeStudio.ACL/AnimeStudio.ACL.ZZZV2/spdlog/details/synchronous_factory.h
c434fe70e201e1a8666b516f10c6fc9fbc0c194916623bf12eeb313f6bee16c8,4252,native_acl/AnimeStudio.ACL/AnimeStudio.ACL.ZZZV2/spdlog/details/tcp_client-windows.h
931f7aa6acc1a3a9c5929380e7fcd3ec9d170e99da4a179844eb87d1f83b501c,3885,native_acl/AnimeStudio.ACL/AnimeStudio.ACL.ZZZV2/spdlog/details/tcp_client.h
0f8a05bd78dde92fec86da73957dc3d42bb29218b564b103eb599ed9f1a342d5,4264,native_acl/AnimeStudio.ACL/AnimeStudio.ACL.ZZZV2/spdlog/details/thread_pool-inl.h
5e64567eb7a3b3b6624fce2aa05c7e7fb885c778618f5bc982d4d3683a53055f,3519,native_acl/AnimeStudio.ACL/AnimeStudio.ACL.ZZZV2/spdlog/details/thread_pool.h
4b3589ef5cd882bd322c9ecb10587ec7c1dc8ba497a12c874e12472a8ccfcf1f,3134,native_acl/AnimeStudio.ACL/AnimeStudio.ACL.ZZZV2/spdlog/details/udp_client-windows.h
c418b615351912eea40e041fd3e88b89a4520adf12ebf43fb1af105a4d7bbd79,2237,native_acl/AnimeStudio.ACL/AnimeStudio.ACL.ZZZV2/spdlog/details/udp_client.h
aaedb3b90bd662563d82887fedaf338167c951254f45f9ebfef27adade2bd186,188,native_acl/AnimeStudio.ACL/AnimeStudio.ACL.ZZZV2/spdlog/details/windows_include.h
0017988d8c8bfec7658bb9d9d03c540db6e9a5a07d06bc9981f7d50622aad682,7382,native_acl/AnimeStudio.ACL/AnimeStudio.ACL.ZZZV2/spdlog/fmt/bin_to_hex.h
cd2a4230a2b95db60f00673743769fe7372f0f708713520cab787173b5055187,7180,native_acl/AnimeStudio.ACL/AnimeStudio.ACL.ZZZV2/spdlog/fmt/bundled/args.h
13c8d953fb2d98dc955289dd166999bd22dbabfeba7f486b3693c2c6d9d627db,103990,native_acl/AnimeStudio.ACL/AnimeStudio.ACL.ZZZV2/spdlog/fmt/bundled/base.h
aa4f1189f00ca287a9e5585cc3b6b57dfa8f1a000efafa881432f46eafbddaed,79718,native_acl/AnimeStudio.ACL/AnimeStudio.ACL.ZZZV2/spdlog/fmt/bundled/chrono.h
fbc34d42af762cd4e45ef2c93d050802d956d406c5c9e4c92ea9b0749fd02d8a,24290,native_acl/AnimeStudio.ACL/AnimeStudio.ACL.ZZZV2/spdlog/fmt/bundled/color.h
10d648fbfbce99481eece2aaa4f9ec8ce8ab25fef0841442296b7149c386487a,18792,native_acl/AnimeStudio.ACL/AnimeStudio.ACL.ZZZV2/spdlog/fmt/bundled/compile.h
b2b6692145b11c7c2774db106078c97575a47d18e80c7783c68566475325ebb4,187,native_acl/AnimeStudio.ACL/AnimeStudio.ACL.ZZZV2/spdlog/fmt/bundled/core.h
07580f2a3b35709ce703d523f447b242f6dfec7582a8c0df102c7fa2849375f8,1431,native_acl/AnimeStudio.ACL/AnimeStudio.ACL.ZZZV2/spdlog/fmt/bundled/fmt.license.rst
7ac4d4907568ac99c28461881595053d2e4045ee81c89d0bddb779c718ee736c,80985,native_acl/AnimeStudio.ACL/AnimeStudio.ACL.ZZZV2/spdlog/fmt/bundled/format-inl.h
9ac34739eb99d5fe220c96d59519bf8da9fb0108d1cf5badbed157187e4c3cfb,157793,native_acl/AnimeStudio.ACL/AnimeStudio.ACL.ZZZV2/spdlog/fmt/bundled/format.h
031ecf02e65aaf1be16de4af179e1b3d11540f88a0989667d5f4138fe93e5938,12786,native_acl/AnimeStudio.ACL/AnimeStudio.ACL.ZZZV2/spdlog/fmt/bundled/os.h
c49f07be57b7fb2abc89e34284574740c24c2de6d6df0b08aff1a0b8f537c090,5024,native_acl/AnimeStudio.ACL/AnimeStudio.ACL.ZZZV2/spdlog/fmt/bundled/ostream.h
7a6ffac354daa137db9a4ed14dd817b7f7b5b6e5ecf46daf27431f41e7b2e5ef,20440,native_acl/AnimeStudio.ACL/AnimeStudio.ACL.ZZZV2/spdlog/fmt/bundled/printf.h
0960928778290c8125be3bcf92542ef68b31545b6b79a3c1930cd09eb5b34473,28211,native_acl/AnimeStudio.ACL/AnimeStudio.ACL.ZZZV2/spdlog/fmt/bundled/ranges.h
a20cdb81353109416ea43a33096006d3232159e895e90b6411b691d29f6347c0,22277,native_acl/AnimeStudio.ACL/AnimeStudio.ACL.ZZZV2/spdlog/fmt/bundled/std.h
d4aad2213ca59d6dac301570dbde00e0f0daa088bf8669070b0283de93f7b251,13636,native_acl/AnimeStudio.ACL/AnimeStudio.ACL.ZZZV2/spdlog/fmt/bundled/xchar.h
c423556694f9fba3cf43c2043dafe7b0a2c261341cbc2a78c456a44d6b5d4f38,551,native_acl/AnimeStudio.ACL/AnimeStudio.ACL.ZZZV2/spdlog/fmt/chrono.h
70a226919802f35566bc75535153007434ecef55b064840059149ca0d29c4d0f,559,native_acl/AnimeStudio.ACL/AnimeStudio.ACL.ZZZV2/spdlog/fmt/compile.h
5c287cb28728ae2ee9429484a9dd0273a870f96a610c171182d27dd9471e8f97,825,native_acl/AnimeStudio.ACL/AnimeStudio.ACL.ZZZV2/spdlog/fmt/fmt.h
64bcc67495d2d66a6feec40d1c14aebd86d99b8b064c32f034abe1b674aab5a4,554,native_acl/AnimeStudio.ACL/AnimeStudio.ACL.ZZZV2/spdlog/fmt/ostr.h
a1a416fc4f5e6096df0bf89390f79f6251c97a4b034a195dedb4d28c496fbba6,551,native_acl/AnimeStudio.ACL/AnimeStudio.ACL.ZZZV2/spdlog/fmt/ranges.h
801a8f4d3246b3488f51972213d72052b54ec7e4e67e9dd100060feec7e8c28b,641,native_acl/AnimeStudio.ACL/AnimeStudio.ACL.ZZZV2/spdlog/fmt/std.h
f29873210b20733d85c59cd43e18563f9b48aec6bd453b4d53c2dd5ee558438d,548,native_acl/AnimeStudio.ACL/AnimeStudio.ACL.ZZZV2/spdlog/fmt/xchar.h
213631628274dc6c26fcc9a3bed36a3a9a83edea5e6b9f027baea58ca9c5eff3,463,native_acl/AnimeStudio.ACL/AnimeStudio.ACL.ZZZV2/spdlog/formatter.h
246d2754fb77dcdcb7ed4be2328944659fd154599ee09df865db5cdb33cbe349,305,native_acl/AnimeStudio.ACL/AnimeStudio.ACL.ZZZV2/spdlog/fwd.h
2b6d6c11dce4bd4cceb4e724c6ffe6a508f3ae9cff8b44438ae92438c3c35470,6725,native_acl/AnimeStudio.ACL/AnimeStudio.ACL.ZZZV2/spdlog/logger-inl.h
b298ef3f9daea67f946781a6b73eec267b889191d06392b38bc602298f86e8a0,13412,native_acl/AnimeStudio.ACL/AnimeStudio.ACL.ZZZV2/spdlog/logger.h
86776b3367bd72e26a630e58d820b6f065e3b337668822139fcc173646ad43c0,1497,native_acl/AnimeStudio.ACL/AnimeStudio.ACL.ZZZV2/spdlog/mdc.h
1752698ce34d6d8dfc6b57d8c6181e3eb285d967ec495d341f7c8a09fa8dc2b6,46719,native_acl/AnimeStudio.ACL/AnimeStudio.ACL.ZZZV2/spdlog/pattern_formatter-inl.h
33c08b3918f7182df15d6f1bab3f9f93fc271c178c2cb2baba69a30e0ad6ea23,3758,native_acl/AnimeStudio.ACL/AnimeStudio.ACL.ZZZV2/spdlog/pattern_formatter.h
73031cdd8669c9f687fd9122bcb1da5dd741e9008b01f873ee392b27c9db565d,4777,native_acl/AnimeStudio.ACL/AnimeStudio.ACL.ZZZV2/spdlog/sinks/android_sink.h
a39143102c10fa8ca2c6dfdc9ee881df8306c805045d702b806041569e5b94b1,5099,native_acl/AnimeStudio.ACL/AnimeStudio.ACL.ZZZV2/spdlog/sinks/ansicolor_sink-inl.h
2062424fed0f02d2b74b3f1ccb54eb807f7212cc5acc0b2b3d2a7fa19f718a47,4029,native_acl/AnimeStudio.ACL/AnimeStudio.ACL.ZZZV2/spdlog/sinks/ansicolor_sink.h
b42fc2851ad76919aecea27cabb9487b6c6acd1522fe94751a138da55862d4f3,1808,native_acl/AnimeStudio.ACL/AnimeStudio.ACL.ZZZV2/spdlog/sinks/base_sink-inl.h
a46ed7cb900eb1c257f81122e3d4567e43b8b2f9ae72973b8f41b110763940c9,1604,native_acl/AnimeStudio.ACL/AnimeStudio.ACL.ZZZV2/spdlog/sinks/base_sink.h
6b95b4bbff5b849372b95b1934e276f643b6db70244716d6f26c4d1aa3968ca7,1391,native_acl/AnimeStudio.ACL/AnimeStudio.ACL.ZZZV2/spdlog/sinks/basic_file_sink-inl.h
39e2e1832c76afd5a23a9e3788bb010438489b560f6267246804df54c4455029,2316,native_acl/AnimeStudio.ACL/AnimeStudio.ACL.ZZZV2/spdlog/sinks/basic_file_sink.h
568eed97d5c29f942d811afe8614ceae6c110b74ffa4535123a5bd9db31f263f,1705,native_acl/AnimeStudio.ACL/AnimeStudio.ACL.ZZZV2/spdlog/sinks/callback_sink.h
ee32cbdd80b9fe51abe04ae290d199c46cec2ecbf35e7a2e796daf712b8520d2,9610,native_acl/AnimeStudio.ACL/AnimeStudio.ACL.ZZZV2/spdlog/sinks/daily_file_sink.h
fa6b8b53368b3cc9490046f1a207c3852835f0a00f6f677005c9e52799e86247,2373,native_acl/AnimeStudio.ACL/AnimeStudio.ACL.ZZZV2/spdlog/sinks/dist_sink.h
aded06d32de86861be0b07a7c1561cd1a9f1df80cdbc0eb15c4f9735c26cc309,3225,native_acl/AnimeStudio.ACL/AnimeStudio.ACL.ZZZV2/spdlog/sinks/dup_filter_sink.h
aa31439c3c3072e9b77acc2800005b586f6b6cdc2d790e0783050b8627a79411,7279,native_acl/AnimeStudio.ACL/AnimeStudio.ACL.ZZZV2/spdlog/sinks/hourly_file_sink.h
9bb10a5ea347f2400baadf0d794d5045169fae77388132bc0cf3dcf30ec00c08,4445,native_acl/AnimeStudio.ACL/AnimeStudio.ACL.ZZZV2/spdlog/sinks/kafka_sink.h
df9a5c34bef34a9a55f4bec51f98c3f0527fdc61bc8ee247a9b4f4149e8ff0f0,4003,native_acl/AnimeStudio.ACL/AnimeStudio.ACL.ZZZV2/spdlog/sinks/mongo_sink.h
3ccbad63ba8adc199fb06f4a8a424e48c8ca06f1cdf4c402d9c849dd354eb89a,2048,native_acl/AnimeStudio.ACL/AnimeStudio.ACL.ZZZV2/spdlog/sinks/msvc_sink.h
75d92f19d80ba59e15c8607e4c98a86a14e238e5ca9b5afd6150dcf9e86d10d6,1240,native_acl/AnimeStudio.ACL/AnimeStudio.ACL.ZZZV2/spdlog/sinks/null_sink.h
8a444e2537b82d6fe4a87c1162d4eb53f94ceb01acbc8d646828f2b24f869085,1222,native_acl/AnimeStudio.ACL/AnimeStudio.ACL.ZZZV2/spdlog/sinks/ostream_sink.h
04193b21cff77cd78d484dd1f79c1720abda08b10bf87af8737a05956d486143,12412,native_acl/AnimeStudio.ACL/AnimeStudio.ACL.ZZZV2/spdlog/sinks/qt_sinks.h
47446677a2d1239dea0248fbecf77be8c74b7f1b0c7d0b3d11d8aafde9eac412,2081,native_acl/AnimeStudio.ACL/AnimeStudio.ACL.ZZZV2/spdlog/sinks/ringbuffer_sink.h
517ec64698c119e837c7cc2a4bbb41ef862d5f7b7fac51e481eb507659e0d606,6091,native_acl/AnimeStudio.ACL/AnimeStudio.ACL.ZZZV2/spdlog/sinks/rotating_file_sink-inl.h
064a1e50e6d718989698d43f543fb174c03b3fbe8be3dc6b6868c45f92167189,3352,native_acl/AnimeStudio.ACL/AnimeStudio.ACL.ZZZV2/spdlog/sinks/rotating_file_sink.h
e3efbe6fc7b15fccc046b740b061f0ab5867f8bd7d6cf30ed2180a3cdb04aefb,725,native_acl/AnimeStudio.ACL/AnimeStudio.ACL.ZZZV2/spdlog/sinks/sink-inl.h
7fa4a5c69c42f9eee9d6cd5cc4d525be4beb77299cc88b09b4a01f155f3cc215,893,native_acl/AnimeStudio.ACL/AnimeStudio.ACL.ZZZV2/spdlog/sinks/sink.h
187e6472676773eb592cc4dfa9441c3aea64333be395dfc6f2741549e1da9141,1435,native_acl/AnimeStudio.ACL/AnimeStudio.ACL.ZZZV2/spdlog/sinks/stdout_color_sinks-inl.h
ba7831fa21239e6b52cda2b8d18c457ff1ee5e2afd730988e0b95b874939e21c,1792,native_acl/AnimeStudio.ACL/AnimeStudio.ACL.ZZZV2/spdlog/sinks/stdout_color_sinks.h
a043a07efc89c1381e4fd6d77ae38ae7cd11d0d96445dbc6fd310e31f05f7709,4384,native_acl/AnimeStudio.ACL/AnimeStudio.ACL.ZZZV2/spdlog/sinks/stdout_sinks-inl.h
eae56abfb446f3d17025e20a56861cf27cfe49139069f265715679b603ca709e,2429,native_acl/AnimeStudio.ACL/AnimeStudio.ACL.ZZZV2/spdlog/sinks/stdout_sinks.h
92dddbd22c8e62597eaef1d886093df50dbab19763a4d758b394227c68d55596,4248,native_acl/AnimeStudio.ACL/AnimeStudio.ACL.ZZZV2/spdlog/sinks/syslog_sink.h
3c9afc1eae8f317d341c05af01c9ccba687219ff36c536dfdf37fdaeade650f8,4872,native_acl/AnimeStudio.ACL/AnimeStudio.ACL.ZZZV2/spdlog/sinks/systemd_sink.h
5ee85948885be7001f50356c8c4415b83007e3ea24c124fd772a2d7e9125e40b,2127,native_acl/AnimeStudio.ACL/AnimeStudio.ACL.ZZZV2/spdlog/sinks/tcp_sink.h
cb5628c8daad4588e5bd3ba5ea0e6cb595cd1a5211deda1ec507f343c7b431f6,1858,native_acl/AnimeStudio.ACL/AnimeStudio.ACL.ZZZV2/spdlog/sinks/udp_sink.h
4783a96f7b89b19d48c14eea3f82f3ffd659e8faf34a4446659cd0c2d822e39c,8888,native_acl/AnimeStudio.ACL/AnimeStudio.ACL.ZZZV2/spdlog/sinks/win_eventlog_sink.h
8d9dac4bb1a163d6eb0913ff48ab7f59db54fbb60b7668a0a997530dded57139,7096,native_acl/AnimeStudio.ACL/AnimeStudio.ACL.ZZZV2/spdlog/sinks/wincolor_sink-inl.h
cbbdabbc9f7613b6c092ef1d3f279f65f0faa7a896f0a4ebb00350f477b7a72e,2716,native_acl/AnimeStudio.ACL/AnimeStudio.ACL.ZZZV2/spdlog/sinks/wincolor_sink.h
036ab0ed3ec1226973bc9cf52801ec269fc95f63dcf8a074093dbf582a74ae94,3268,native_acl/AnimeStudio.ACL/AnimeStudio.ACL.ZZZV2/spdlog/spdlog-inl.h
ced45d7625328739a33563d372bc897f7ec0b040a315e3bba8403aac97edf90d,12024,native_acl/AnimeStudio.ACL/AnimeStudio.ACL.ZZZV2/spdlog/spdlog.h
60f3aaed933185261ae603cc589cd39ebf93ef78321548871d469fb566903c44,1865,native_acl/AnimeStudio.ACL/AnimeStudio.ACL.ZZZV2/spdlog/stopwatch.h
8e641df000560090a11adb04eff3f1a18e814f6eb8f2a9a9a1f22c0dcc572f82,6610,native_acl/AnimeStudio.ACL/AnimeStudio.ACL.ZZZV2/spdlog/tweakme.h
91bcafad8231d69cecbd05e9d2a8f0d3cc39a4ad463703fcf001b686a2fc52ac,417,native_acl/AnimeStudio.ACL/AnimeStudio.ACL.ZZZV2/spdlog/version.h
6bae54b7358db8391f6995268c70f1911ab66ced0cca73bb37e7c445739aca1b,1130,native_acl/AnimeStudio.ACL/LICENSE.txt
7a5c41d29e88393aec92e8c6ceaada5ebe119655aa0047008d2fef10a56361ca,342,native_acl/AnimeStudio.ACL/version.h
a0486843b48f92bdff95e627e5cea726fa4e301a903b5396823c147fc8dc90dc,254,native_acl/build.cmd
fa7409d79762d463d60514573afec7ed0bfcb4b3468c59eae6018ed7438f5f86,96,native_acl/compile.log
3a142529f2d1854836b9876a0a1749dfea064212db3600b7aaf63ddcf2a5607c,577,native_acl/source-provenance.json
65790f3a278bcc5ae83fe88809b799d1e55306a3c212bbd2673f5c67e3d98645,3306,native_acl/transform_decoder.cpp
f6c417daefbb7f9ced283ebc9e2435398c730dc69ca6c11a41e3404763a3b9f9,415232,native_acl/transform_decoder.dll
46904121fac3558d136a511aee6d22b526d2f8ce0fa887176dee986b76a5e136,863,native_acl/transform_decoder.exp
d47028da555a84484c89307938310957a24b853f0bbea4620cbb78fcc5eae748,2210,native_acl/transform_decoder.lib
9d7f689bcb3bbc0e37e2b52235b9b4564bc3aced55352d9c5b455ba76bd6d84d,3040003,native_acl/transform_decoder.obj
a5b0498eaacef2485a193497f1d493a065d35fe954fd1fdbcbc71f2f297d94a5,1603,recover_failed_animations.py
8f42dc1eef2556cf7ea8da8740ce765984e3214742bfad793ad4aa61db5fd3d3,7257,recover_full_animations.py
354fa58724c693e20558553fbfaf5981bc23b3a8d9ba4d5d4037659a5ab44969,4525,recover_hierarchies.py
1298650fc35663a55ebf5ac6e56975f00d9afa74dbb21868281e44e64c70aa94,11720,recover_materials.py
4a7f9b3c54e7a20704591d6faa00e3f5dcefefb3cb041df19eb0b5e9c9bd4e56,22015,recover_meshes.py
6eeafb81b610960c0ff6abc8b20d447b9f3aabf6bdff97e3d8fe6f5076a8a7ba,7578,recover_scalar_acl.py
5a44753148514a323a2e6549c7c9a22c6ca8ba676789c9056a1cb2f7b7f49f6d,4646,recover_standalone_animations.py
a48416639e2b4c528c02400062fb3e976483341a7e755cc3e00f1acfaefd5a46,452,sync_vault.ps1
52d65467708e1a225b3d90b11e582bfaeb2404418a0c6140848b3309fa0492c6,10081,sync_vault.py
074ac9a5acfeca9bc7d71cdb4532773a508e57b5893ec1b65a596eb1971422e1,11799,verify_mesh_semantics.py
2a4d1c1dc231cdb999f4aace181870ac5a2eb70a8e0f76529b93092817471ea7,18448,verify_recovered_assets.py
8d5e11854cb34e435df22a5362c4793d0ae6512303ef9a86cb2373972b6e0609,255,verify_vault.ps1
5e46634eb3dd0c2df7986d1d539c58a5f090256f03efa78a03249ff7d2317ec2,2287,verify_vault.py
